source_id,entry_time_utc,action,root,strike,option_right,expiry_date,quantity,fill_price,net_pnl,fees,status,opra_code
HTML_4251487456234176843,2025-02-21 14:31:00,BUY,XSP,610.0,P,2025-02-21,5.0,0.82,-412.7,0.2,FILLED,O:XSP250221P00610000
HTML_2541489565300383930,2025-02-21 14:33:00,BUY,XSP,612.0,C,2025-02-21,4.0,0.9,-358.16,0.16,FILLED,O:XSP250221C00612000
HTML_5387408915401034323,2025-02-21 14:34:00,BUY,XSP,612.0,C,2025-02-21,1.0,0.83,-83.54,0.04,FILLED,O:XSP250221C00612000
HTML_991115502314765606,2025-02-21 14:40:00,SELL,XSP,612.0,C,2025-02-21,5.0,0.68,340.0,0.2,FILLED,O:XSP250221C00612000
HTML_4333722171785789138,2025-02-21 14:40:00,SELL,XSP,610.0,P,2025-02-21,5.0,1.07,535.0,0.2,FILLED,O:XSP250221P00610000
HTML_4325576434885042541,2025-02-24 14:31:00,BUY,XSP,605.0,C,2025-02-24,9.0,0.94,-841.86,0.36,FILLED,O:XSP250224C00605000
HTML_1849103111009658985,2025-02-24 14:33:00,BUY,XSP,603.0,P,2025-02-24,7.0,1.17,-815.78,0.28,FILLED,O:XSP250224P00603000
HTML_8966262863860865218,2025-02-24 14:41:00,BUY,XSP,605.0,C,2025-02-24,1.0,0.62,-62.54,0.04,FILLED,O:XSP250224C00605000
HTML_6641846112835200508,2025-02-24 14:45:00,SELL,XSP,603.0,P,2025-02-24,7.0,1.84,1288.0,0.28,FILLED,O:XSP250224P00603000
HTML_4919531766041803666,2025-02-24 15:02:00,SELL,XSP,605.0,C,2025-02-24,0.0,0.16,0.0,0.0,CANCELED,O:XSP250224C00605000
HTML_3048355465957495637,2025-02-24 15:04:00,SELL,XSP,605.0,C,2025-02-24,9.0,0.13,117.0,0.13,FILLED,O:XSP250224C00605000
HTML_6980432224706144118,2025-02-24 15:11:00,BUY,XSP,603.0,C,2025-02-24,1.0,0.48,-48.54,0.04,FILLED,O:XSP250224C00603000
HTML_4527249164195970255,2025-02-24 15:21:00,SELL,XSP,603.0,C,2025-02-24,1.0,0.5,50.0,0.04,FILLED,O:XSP250224C00603000
HTML_6866487226505777979,2025-02-25 14:32:00,BUY,XSP,598.0,C,2025-02-25,3.0,2.08,-622.62,0.12,FILLED,O:XSP250225C00598000
HTML_1426897583252477612,2025-02-25 14:32:00,BUY,XSP,600.0,P,2025-02-25,3.0,2.52,-757.62,0.12,FILLED,O:XSP250225P00600000
HTML_815023609316388156,2025-02-25 14:51:00,SELL,XSP,600.0,P,2025-02-25,3.0,4.0,1200.0,0.12,FILLED,O:XSP250225P00600000
HTML_4268632407077160720,2025-02-25 14:51:00,SELL,XSP,598.0,C,2025-02-25,3.0,1.3,390.0,0.12,FILLED,O:XSP250225C00598000
HTML_2831641472776308418,2025-02-26 14:30:00,BUY,XSP,596.0,P,2025-02-26,5.0,1.58,-792.7,0.2,FILLED,O:XSP250226P00596000
HTML_6620891733417036845,2025-02-26 14:33:00,BUY,XSP,598.0,C,2025-02-26,7.0,1.11,-780.78,0.28,FILLED,O:XSP250226C00598000
HTML_1259741160955312872,2025-02-26 14:35:00,BUY,XSP,594.0,P,2025-02-26,1.0,0.88,-87.54,0.04,FILLED,O:XSP250226P00594000
HTML_9017410309491386504,2025-02-26 15:00:00,SELL,XSP,598.0,C,2025-02-26,7.0,2.22,1554.0,0.28,FILLED,O:XSP250226C00598000
HTML_1531949676807766331,2025-02-26 15:01:00,SELL,XSP,594.0,P,2025-02-26,1.0,0.23,23.0,0.04,FILLED,O:XSP250226P00594000
HTML_2352755664973104245,2025-02-26 15:01:00,SELL,XSP,596.0,P,2025-02-26,5.0,0.52,260.0,0.2,FILLED,O:XSP250226P00596000
HTML_3037829765951015091,2025-02-27 14:31:00,BUY,XSP,597.0,P,2025-02-27,5.0,1.64,-817.7,0.2,FILLED,O:XSP250227P00597000
HTML_8787912060833590716,2025-02-27 14:33:00,BUY,XSP,600.0,C,2025-02-27,7.0,1.18,-822.78,0.28,FILLED,O:XSP250227C00600000
HTML_1173378322077937964,2025-02-27 14:35:00,BUY,XSP,601.0,C,2025-02-27,1.0,0.88,-87.54,0.04,FILLED,O:XSP250227C00601000
HTML_5168297382398965696,2025-02-27 14:56:00,SELL,XSP,597.0,P,2025-02-27,5.0,3.6,1800.0,0.2,FILLED,O:XSP250227P00597000
HTML_1320990194759662268,2025-02-27 14:56:00,SELL,XSP,601.0,C,2025-02-27,1.0,0.19,19.0,0.04,FILLED,O:XSP250227C00601000
HTML_6460568267520792234,2025-02-27 14:57:00,SELL,XSP,600.0,C,2025-02-27,4.0,0.32,128.0,0.16,FILLED,O:XSP250227C00600000
HTML_2465908389722546131,2025-02-27 14:57:00,SELL,XSP,600.0,C,2025-02-27,3.0,0.32,96.0,0.12,FILLED,O:XSP250227C00600000
HTML_5411237644266454428,2025-02-28 14:32:00,BUY,XSP,587.0,C,2025-02-28,5.0,2.04,-1022.7,0.2,FILLED,O:XSP250228C00587000
HTML_462931252585570139,2025-02-28 14:32:00,BUY,XSP,584.0,P,2025-02-28,5.0,1.99,-992.7,0.2,FILLED,O:XSP250228P00584000
HTML_8777410889041376238,2025-02-28 16:01:00,SELL,XSP,584.0,P,2025-02-28,5.0,0.27,135.0,0.2,FILLED,O:XSP250228P00584000
HTML_511974591832054520,2025-02-28 16:02:00,SELL,XSP,587.0,C,2025-02-28,5.0,3.83,1915.0,0.2,FILLED,O:XSP250228C00587000
HTML_9009923286723665627,2025-03-03 14:34:00,BUY,XSP,597.0,P,2025-03-03,10.0,1.55,-1556.1,1.1,FILLED,O:XSP250303P00597000
HTML_877419940229809682,2025-03-03 14:34:00,BUY,XSP,599.0,C,2025-03-03,10.0,1.53,-1535.4,0.4,FILLED,O:XSP250303C00599000
HTML_6422415999339713651,2025-03-03 14:59:00,SELL,XSP,597.0,P,2025-03-03,10.0,3.59,3590.0,1.1,FILLED,O:XSP250303P00597000
HTML_5016431101412030413,2025-03-03 15:00:00,SELL,XSP,599.0,C,2025-03-03,10.0,0.31,310.0,0.27,FILLED,O:XSP250303C00599000
HTML_6499310933062679907,2025-03-04 14:34:00,BUY,XSP,581.0,C,2025-03-04,6.0,2.46,-1479.24,0.24,FILLED,O:XSP250304C00581000
HTML_1864910174857567497,2025-03-04 14:35:00,BUY,XSP,578.0,P,2025-03-04,6.0,2.25,-1353.24,0.24,FILLED,O:XSP250304P00578000
HTML_8981776098890950439,2025-03-04 15:01:00,SELL,XSP,581.0,C,2025-03-04,6.0,1.2,720.0,0.24,FILLED,O:XSP250304C00581000
HTML_4412240968897690868,2025-03-04 15:02:00,SELL,XSP,578.0,P,2025-03-04,6.0,3.95,2370.0,0.24,FILLED,O:XSP250304P00578000
HTML_2103589784874348944,2025-03-05 14:33:00,BUY,XSP,577.0,P,2025-03-05,6.0,2.83,-1695.24,0.24,FILLED,O:XSP250305P00577000
HTML_1298576222564327281,2025-03-05 14:34:00,BUY,XSP,580.0,C,2025-03-05,6.0,2.44,-1461.24,0.24,FILLED,O:XSP250305C00580000
HTML_2483733302746271116,2025-03-05 18:19:00,SELL,XSP,580.0,C,2025-03-05,6.0,2.27,1362.0,0.24,FILLED,O:XSP250305C00580000
HTML_4105407574210061772,2025-03-05 18:20:00,SELL,XSP,577.0,P,2025-03-05,6.0,0.77,462.0,0.24,FILLED,O:XSP250305P00577000
HTML_7813920683344662265,2025-03-06 14:31:00,BUY,XSP,576.0,P,2025-03-06,3.0,2.6,-781.62,0.12,FILLED,O:XSP250306P00576000
HTML_5198750847339635515,2025-03-06 14:31:00,BUY,XSP,579.0,C,2025-03-06,5.0,1.81,-907.7,0.2,FILLED,O:XSP250306C00579000
HTML_237342828103572438,2025-03-06 14:36:00,BUY,XSP,578.0,C,2025-03-06,1.0,1.92,-191.54,0.04,FILLED,O:XSP250306C00578000
HTML_3471924399650785525,2025-03-06 14:36:00,SELL,XSP,576.0,P,2025-03-06,1.0,3.29,329.0,0.04,FILLED,O:XSP250306P00576000
HTML_3664976289198182233,2025-03-06 14:36:00,SELL,XSP,576.0,P,2025-03-06,2.0,3.23,646.0,0.08,FILLED,O:XSP250306P00576000
HTML_1960597138912821061,2025-03-06 15:16:00,SELL,XSP,579.0,C,2025-03-06,5.0,2.6,1300.0,0.2,FILLED,O:XSP250306C00579000
HTML_5886537347437159376,2025-03-06 15:17:00,SELL,XSP,578.0,C,2025-03-06,1.0,3.12,312.0,0.04,FILLED,O:XSP250306C00578000
HTML_140558292034219817,2025-03-07 14:46:00,BUY,XSP,573.0,P,2025-03-07,5.0,2.23,-1117.7,0.2,FILLED,O:XSP250307P00573000
HTML_6724004488448541362,2025-03-07 14:46:00,BUY,XSP,577.0,C,2025-03-07,4.0,2.48,-994.16,0.16,FILLED,O:XSP250307C00577000
HTML_2731056713834548459,2025-03-07 14:52:00,BUY,XSP,573.0,P,2025-03-07,1.0,1.77,-177.54,0.04,FILLED,O:XSP250307P00573000
HTML_2736095354511920811,2025-03-07 14:54:00,SELL,XSP,577.0,C,2025-03-07,4.0,3.02,1208.0,0.16,FILLED,O:XSP250307C00577000
HTML_6378560774339666621,2025-03-07 15:14:00,SELL,XSP,573.0,P,2025-03-07,6.0,2.45,1470.0,0.24,FILLED,O:XSP250307P00573000
HTML_780217212262335386,2025-03-10 13:37:00,BUY,XSP,567.0,P,2025-03-10,7.0,2.58,-1802.78,0.28,FILLED,O:XSP250310P00567000
HTML_6425628155273693999,2025-03-10 13:38:00,BUY,XSP,570.0,C,2025-03-10,7.0,2.62,-1837.78,0.28,FILLED,O:XSP250310C00570000
HTML_3511201221948370395,2025-03-10 14:01:00,SELL,XSP,567.0,P,2025-03-10,7.0,2.75,1925.0,0.28,FILLED,O:XSP250310P00567000
HTML_1880566366098519691,2025-03-10 14:02:00,BUY,XSP,574.0,C,2025-03-10,1.0,0.69,-69.54,0.04,FILLED,O:XSP250310C00574000
HTML_8421727967476954112,2025-03-11 13:30:00,BUY,XSP,562.0,C,2025-03-11,3.0,2.77,-832.62,0.12,FILLED,O:XSP250311C00562000
HTML_4596165797420619049,2025-03-11 13:31:00,BUY,XSP,559.0,P,2025-03-11,3.0,2.52,-757.62,0.12,FILLED,O:XSP250311P00559000
HTML_4893346471288104005,2025-03-11 13:39:00,BUY,XSP,556.0,P,2025-03-11,1.0,1.58,-158.54,0.04,FILLED,O:XSP250311P00556000
HTML_5866870248783759920,2025-03-11 14:38:00,SELL,XSP,559.0,P,2025-03-11,3.0,4.76,1428.0,0.12,FILLED,O:XSP250311P00559000
HTML_6538458693095992472,2025-03-11 14:39:00,SELL,XSP,556.0,P,2025-03-11,1.0,3.04,304.0,0.04,FILLED,O:XSP250311P00556000
HTML_290838724105039341,2025-03-11 14:39:00,SELL,XSP,562.0,C,2025-03-11,3.0,0.7,210.0,0.12,FILLED,O:XSP250311C00562000
HTML_7868389539440309880,2025-03-12 13:31:00,BUY,XSP,565.0,C,2025-03-12,4.0,2.33,-934.16,0.16,FILLED,O:XSP250312C00565000
HTML_2829288857886527138,2025-03-12 13:34:00,BUY,XSP,562.0,P,2025-03-12,4.0,2.31,-922.16,0.16,FILLED,O:XSP250312P00562000
HTML_4969864989547040872,2025-03-12 13:56:00,SELL,XSP,562.0,P,2025-03-12,4.0,4.25,1700.0,0.16,FILLED,O:XSP250312P00562000
HTML_4235178940127832631,2025-03-12 13:57:00,SELL,XSP,565.0,C,2025-03-12,4.0,0.96,384.0,0.16,FILLED,O:XSP250312C00565000
HTML_4495032107341917656,2025-03-13 13:30:00,BUY,XSP,557.0,P,2025-03-13,5.0,2.12,-1062.7,0.2,FILLED,O:XSP250313P00557000
HTML_2809813116804230930,2025-03-13 13:31:00,BUY,XSP,560.0,C,2025-03-13,4.0,2.12,-846.16,0.16,FILLED,O:XSP250313C00560000
HTML_3779279112732046295,2025-03-13 13:32:00,BUY,XSP,562.0,C,2025-03-13,1.0,1.44,-143.54,0.04,FILLED,O:XSP250313C00562000
HTML_5647961145339308652,2025-03-13 15:40:00,SELL,XSP,557.0,P,2025-03-13,5.0,4.26,2130.0,0.2,FILLED,O:XSP250313P00557000
HTML_8398856412338986095,2025-03-13 15:40:00,SELL,XSP,562.0,C,2025-03-13,1.0,0.17,17.0,0.04,FILLED,O:XSP250313C00562000
HTML_2396162145739455260,2025-03-13 15:40:00,SELL,XSP,560.0,C,2025-03-13,4.0,0.31,124.0,0.16,FILLED,O:XSP250313C00560000
HTML_121495589280569245,2025-03-14 13:32:00,BUY,XSP,556.0,P,2025-03-14,5.0,2.29,-1142.7,0.2,FILLED,O:XSP250314P00556000
HTML_6370141642503974621,2025-03-14 13:34:00,BUY,XSP,559.0,C,2025-03-14,5.0,1.77,-887.7,0.2,FILLED,O:XSP250314C00559000
HTML_419813832351765896,2025-03-14 13:35:00,BUY,XSP,559.0,C,2025-03-14,1.0,1.76,-176.54,0.04,FILLED,O:XSP250314C00559000
HTML_2093275640846473481,2025-03-14 15:26:00,SELL,XSP,559.0,C,2025-03-14,6.0,3.83,2298.0,0.24,FILLED,O:XSP250314C00559000
HTML_5124297929232670282,2025-03-14 15:26:00,SELL,XSP,556.0,P,2025-03-14,5.0,0.33,165.0,0.2,FILLED,O:XSP250314P00556000
HTML_7453839684847496572,2025-03-17 13:33:00,BUY,XSP,566.0,C,2025-03-17,10.0,1.47,-1466.1,1.1,FILLED,O:XSP250317C00566000
HTML_115803679556246280,2025-03-17 13:35:00,BUY,XSP,564.0,P,2025-03-17,9.0,1.64,-1471.86,0.36,FILLED,O:XSP250317P00564000
HTML_5728979014778797745,2025-03-17 13:36:00,BUY,XSP,563.0,P,2025-03-17,1.0,1.05,-105.54,0.04,FILLED,O:XSP250317P00563000
HTML_9063230602030952037,2025-03-17 13:37:00,BUY,XSP,567.0,C,2025-03-17,1.0,1.5,-149.54,0.04,FILLED,O:XSP250317C00567000
HTML_1779662053241391536,2025-03-17 13:40:00,SELL,XSP,566.0,C,2025-03-17,10.0,2.29,2290.0,1.1,FILLED,O:XSP250317C00566000
HTML_8631070937696963679,2025-03-17 13:41:00,SELL,XSP,567.0,C,2025-03-17,1.0,1.75,175.0,0.04,FILLED,O:XSP250317C00567000
HTML_7623744101486678637,2025-03-17 13:41:00,SELL,XSP,563.0,P,2025-03-17,1.0,0.86,86.0,0.04,FILLED,O:XSP250317P00563000
HTML_7613954976210478167,2025-03-17 13:42:00,SELL,XSP,564.0,P,2025-03-17,9.0,1.12,1008.0,0.36,FILLED,O:XSP250317P00564000
HTML_4425936593025487834,2025-03-18 13:32:00,BUY,XSP,567.0,C,2025-03-18,9.0,1.34,-1210.86,0.36,FILLED,O:XSP250318C00567000
HTML_1039871127527775894,2025-03-18 13:34:00,BUY,XSP,564.0,P,2025-03-18,7.0,1.62,-1137.78,0.28,FILLED,O:XSP250318P00564000
HTML_9212007331890778138,2025-03-18 13:44:00,SELL,XSP,564.0,P,2025-03-18,7.0,3.05,2135.0,0.28,FILLED,O:XSP250318P00564000
HTML_6146586259579270677,2025-03-18 13:45:00,SELL,XSP,567.0,C,2025-03-18,9.0,0.55,495.0,0.36,FILLED,O:XSP250318C00567000
HTML_152340202905486635,2025-03-18 14:02:00,BUY,XSP,563.0,C,2025-03-18,1.0,1.33,-133.54,0.04,FILLED,O:XSP250318C00563000
HTML_9016934131750525460,2025-03-18 14:04:00,BUY,XSP,565.0,C,2025-03-18,1.0,0.78,-77.54,0.04,FILLED,O:XSP250318C00565000
HTML_9182664911061130422,2025-03-18 14:06:00,SELL,XSP,563.0,C,2025-03-18,1.0,1.58,158.0,0.04,FILLED,O:XSP250318C00563000
HTML_5982625642238944951,2025-03-18 14:06:00,SELL,XSP,565.0,C,2025-03-18,1.0,0.91,91.0,0.04,FILLED,O:XSP250318C00565000
HTML_2140756113699325422,2025-03-19 13:32:00,BUY,XSP,565.0,C,2025-03-19,6.0,2.0,-1197.26,0.26,FILLED,O:XSP250319C00565000
HTML_531636112279690907,2025-03-19 13:34:00,BUY,XSP,562.0,P,2025-03-19,6.0,2.17,-1299.26,0.26,FILLED,O:XSP250319P00562000
HTML_3279492558226519817,2025-03-19 13:38:00,BUY,XSP,565.0,C,2025-03-19,1.0,1.93,-192.54,0.04,FILLED,O:XSP250319C00565000
HTML_4108916564770174132,2025-03-19 14:22:00,SELL,XSP,565.0,C,2025-03-19,7.0,2.71,1897.0,0.3,FILLED,O:XSP250319C00565000
HTML_1269800138886181239,2025-03-19 14:33:00,SELL,XSP,562.0,P,2025-03-19,6.0,1.21,726.0,0.26,FILLED,O:XSP250319P00562000
HTML_2036897617329369135,2025-03-20 13:32:00,BUY,XSP,566.0,C,2025-03-20,8.0,1.64,-1308.35,0.35,FILLED,O:XSP250320C00566000
HTML_1064098979950901103,2025-03-20 13:35:00,BUY,XSP,564.0,P,2025-03-20,6.0,1.83,-1101.26,0.26,FILLED,O:XSP250320P00564000
HTML_6944735545623974904,2025-03-20 13:36:00,BUY,XSP,564.0,P,2025-03-20,1.0,1.78,-178.54,0.04,FILLED,O:XSP250320P00564000
HTML_5265407263819137228,2025-03-20 14:01:00,SELL,XSP,566.0,C,2025-03-20,8.0,3.34,2672.0,0.35,FILLED,O:XSP250320C00566000
HTML_829351078059431231,2025-03-20 14:01:00,SELL,XSP,564.0,P,2025-03-20,7.0,0.62,434.0,0.3,FILLED,O:XSP250320P00564000
HTML_5800538871992665276,2025-03-21 13:32:00,BUY,XSP,560.0,P,2025-03-21,7.0,1.99,-1389.8,0.3,FILLED,O:XSP250321P00560000
HTML_2571783377489379825,2025-03-21 13:33:00,BUY,XSP,563.0,C,2025-03-21,8.0,1.72,-1372.35,0.35,FILLED,O:XSP250321C00563000
HTML_3780834272714317187,2025-03-21 13:33:00,BUY,XSP,560.0,P,2025-03-21,1.0,1.73,-172.54,0.04,FILLED,O:XSP250321P00560000
HTML_4383744573567039664,2025-03-21 13:35:00,BUY,XSP,563.0,C,2025-03-21,1.0,1.69,-168.54,0.04,FILLED,O:XSP250321C00563000
HTML_5491775078894466030,2025-03-21 16:59:00,SELL,XSP,560.0,P,2025-03-21,8.0,0.11,88.0,0.11,FILLED,O:XSP250321P00560000
HTML_6149125136486724440,2025-03-21 19:09:00,SELL,XSP,563.0,C,2025-03-21,9.0,1.53,1377.0,0.39,FILLED,O:XSP250321C00563000
HTML_5755515170024409666,2025-03-24 13:33:00,BUY,XSP,571.0,P,2025-03-24,13.0,0.88,-1138.98,0.87,FILLED,O:XSP250324P00571000
HTML_538811010778127792,2025-03-24 13:34:00,BUY,XSP,574.0,C,2025-03-24,9.0,1.18,-1057.89,0.39,FILLED,O:XSP250324C00574000
HTML_8632463671670240499,2025-03-24 13:34:00,BUY,XSP,571.0,P,2025-03-24,1.0,0.83,-83.54,0.04,FILLED,O:XSP250324P00571000
HTML_1179977347972111116,2025-03-24 13:34:00,BUY,XSP,574.0,C,2025-03-24,1.0,1.21,-120.54,0.04,FILLED,O:XSP250324C00574000
HTML_254379627471832250,2025-03-24 13:52:00,SELL,XSP,574.0,C,2025-03-24,10.0,2.0,2000.0,1.14,FILLED,O:XSP250324C00574000
HTML_2531497382124851121,2025-03-24 14:42:00,BUY,XSP,571.0,P,2025-03-24,2.0,0.27,-53.08,0.08,FILLED,O:XSP250324P00571000
HTML_5560500988109978722,2025-03-24 17:26:00,SELL,XSP,571.0,P,2025-03-24,16.0,0.1,160.0,0.1,FILLED,O:XSP250324P00571000
HTML_5085360887731971543,2025-03-25 13:31:00,BUY,XSP,579.0,C,2025-03-25,8.0,0.88,-700.35,0.35,FILLED,O:XSP250325C00579000
HTML_6657051778884414403,2025-03-25 13:32:00,BUY,XSP,577.0,P,2025-03-25,6.0,1.17,-699.26,0.26,FILLED,O:XSP250325P00577000
HTML_7011984207245644926,2025-03-25 13:33:00,BUY,XSP,579.0,C,2025-03-25,1.0,0.8,-79.54,0.04,FILLED,O:XSP250325C00579000
HTML_6369062217505581338,2025-03-25 14:13:00,BUY,XSP,577.0,P,2025-03-25,1.0,0.96,-96.54,0.04,FILLED,O:XSP250325P00577000
HTML_6529601874474479621,2025-03-25 19:28:00,SELL,XSP,577.0,P,2025-03-25,7.0,0.72,504.0,0.3,FILLED,O:XSP250325P00577000
HTML_3195272803775108356,2025-03-25 19:34:00,SELL,XSP,579.0,C,2025-03-25,9.0,0.01,9.0,0.01,FILLED,O:XSP250325C00579000
HTML_288591536054416726,2025-03-26 13:39:00,BUY,XSP,579.0,C,2025-03-26,3.0,0.78,-232.62,0.12,FILLED,O:XSP250326C00579000
HTML_4662813805423194375,2025-03-26 13:39:00,BUY,XSP,577.0,P,2025-03-26,3.0,0.8,-238.63,0.13,FILLED,O:XSP250326P00577000
HTML_6502833094474943424,2025-03-26 13:54:00,SELL,XSP,577.0,P,2025-03-26,3.0,1.33,399.0,0.13,FILLED,O:XSP250326P00577000
HTML_4522031720981711703,2025-03-26 13:54:00,SELL,XSP,579.0,C,2025-03-26,3.0,0.34,103.0,0.12,FILLED,O:XSP250326C00579000
HTML_5946099517570661343,2025-03-26 13:59:00,BUY,XSP,579.0,C,2025-03-26,1.0,0.28,-27.54,0.04,FILLED,O:XSP250326C00579000
HTML_2672185835260468223,2025-03-26 14:59:00,SELL,XSP,579.0,C,2025-03-26,1.0,0.11,11.0,0.04,FILLED,O:XSP250326C00579000
HTML_6691953323495972163,2025-03-27 13:42:00,BUY,XSP,569.0,C,2025-03-27,2.0,1.34,-269.08,0.08,FILLED,O:XSP250327C00569000
HTML_4634438834596388349,2025-03-27 13:44:00,BUY,XSP,566.0,P,2025-03-27,2.0,1.22,-243.08,0.08,FILLED,O:XSP250327P00566000
HTML_3607747249028671038,2025-03-27 14:02:00,SELL,XSP,569.0,C,2025-03-27,2.0,3.0,600.0,0.08,FILLED,O:XSP250327C00569000
HTML_6131821254054246565,2025-03-27 14:02:00,SELL,XSP,566.0,P,2025-03-27,2.0,0.37,74.0,0.08,FILLED,O:XSP250327P00566000
HTML_5096528082410593980,2025-03-28 13:38:00,BUY,XSP,567.0,P,2025-03-28,2.0,1.57,-315.08,0.08,FILLED,O:XSP250328P00567000
HTML_4851690261255577657,2025-03-28 13:40:00,BUY,XSP,569.0,C,2025-03-28,2.0,1.62,-325.08,0.08,FILLED,O:XSP250328C00569000
HTML_406711825827668278,2025-03-28 14:15:00,SELL,XSP,567.0,P,2025-03-28,2.0,4.1,820.0,0.08,FILLED,O:XSP250328P00567000
HTML_5798758902028337691,2025-03-28 14:35:00,SELL,XSP,569.0,C,2025-03-28,2.0,0.13,26.0,0.08,FILLED,O:XSP250328C00569000
HTML_55111926250254644,2025-03-31 13:41:00,BUY,XSP,549.0,P,2025-03-31,4.0,2.17,-870.16,0.16,FILLED,O:XSP250331P00549000
HTML_804582067637796597,2025-03-31 13:44:00,BUY,XSP,551.0,C,2025-03-31,4.0,2.21,-886.16,0.16,FILLED,O:XSP250331C00551000
HTML_963331004113110903,2025-03-31 15:02:00,SELL,XSP,551.0,C,2025-03-31,4.0,4.1,1640.0,0.17,FILLED,O:XSP250331C00551000
HTML_2119148539450700344,2025-03-31 15:02:00,SELL,XSP,549.0,P,2025-03-31,4.0,0.39,156.0,0.17,FILLED,O:XSP250331P00549000
HTML_5295944213543825341,2025-04-01 13:39:00,BUY,XSP,558.0,P,2025-04-01,2.0,1.94,-387.08,0.08,FILLED,O:XSP250401P00558000
HTML_7988394684418627144,2025-04-01 13:40:00,BUY,XSP,561.0,C,2025-04-01,3.0,1.49,-445.63,0.13,FILLED,O:XSP250401C00561000
HTML_7231426499896731836,2025-04-01 13:40:00,BUY,XSP,561.0,C,2025-04-01,1.0,1.56,-156.54,0.04,FILLED,O:XSP250401C00561000
HTML_9166099892044066662,2025-04-01 16:14:00,SELL,XSP,561.0,C,2025-04-01,4.0,3.95,1580.0,0.17,FILLED,O:XSP250401C00561000
HTML_7401558224672229739,2025-04-01 16:17:00,SELL,XSP,558.0,P,2025-04-01,2.0,0.13,26.0,0.08,FILLED,O:XSP250401P00558000
HTML_6859867966681704018,2025-04-02 13:44:00,BUY,XSP,562.0,C,2025-04-02,3.0,1.81,-544.63,0.13,FILLED,O:XSP250402C00562000
HTML_1495583715570839807,2025-04-02 13:45:00,BUY,XSP,560.0,P,2025-04-02,3.0,1.96,-586.63,0.13,FILLED,O:XSP250402P00560000
HTML_2207148949278484698,2025-04-02 13:46:00,BUY,XSP,566.0,C,2025-04-02,1.0,0.6,-60.54,0.04,FILLED,O:XSP250402C00566000
HTML_1684932190228892073,2025-04-02 13:47:00,BUY,XSP,555.0,P,2025-04-02,1.0,0.57,-57.54,0.04,FILLED,O:XSP250402P00555000
HTML_6192233510122774999,2025-04-02 16:16:00,SELL,XSP,562.0,C,2025-04-02,3.0,4.36,1308.0,0.13,FILLED,O:XSP250402C00562000
HTML_5529264487285715296,2025-04-02 16:17:00,SELL,XSP,566.0,C,2025-04-02,1.0,1.56,156.0,0.04,FILLED,O:XSP250402C00566000
HTML_2391184083503978721,2025-04-02 17:09:00,SELL,XSP,560.0,P,2025-04-02,3.0,0.07,21.0,0.07,FILLED,O:XSP250402P00560000
HTML_5357631324327864322,2025-04-02 17:10:00,SELL,XSP,555.0,P,2025-04-02,1.0,0.01,1.0,0.01,FILLED,O:XSP250402P00555000
HTML_5067857514526213245,2025-04-03 13:38:00,BUY,XSP,551.0,C,2025-04-03,3.0,2.54,-763.63,0.13,FILLED,O:XSP250403C00551000
HTML_548009638219446266,2025-04-03 13:42:00,BUY,XSP,547.0,P,2025-04-03,2.0,3.15,-631.08,0.08,FILLED,O:XSP250403P00547000
HTML_6743628414733718570,2025-04-03 15:01:00,BUY,XSP,551.0,C,2025-04-03,2.0,0.41,-81.08,0.08,FILLED,O:XSP250403C00551000
HTML_3548551130461587391,2025-04-03 17:04:00,SELL,XSP,547.0,P,2025-04-03,2.0,2.88,576.0,0.08,FILLED,O:XSP250403P00547000
HTML_5707908891801013656,2025-04-03 17:05:00,SELL,XSP,551.0,C,2025-04-03,5.0,0.37,185.0,0.22,FILLED,O:XSP250403C00551000
HTML_7175688569740117046,2025-04-04 13:53:00,BUY,XSP,523.0,P,2025-04-04,1.0,3.71,-370.54,0.04,FILLED,O:XSP250404P00523000
HTML_3381170351623501807,2025-04-04 13:59:00,BUY,XSP,523.0,P,2025-04-04,1.0,3.08,-307.54,0.04,FILLED,O:XSP250404P00523000
HTML_6923084974988413160,2025-04-04 14:08:00,SELL,XSP,523.0,P,2025-04-04,2.0,4.2,840.0,0.08,FILLED,O:XSP250404P00523000
HTML_654290169628281211,2025-04-04 14:09:00,BUY,XSP,533.0,C,2025-04-04,1.0,0.85,-85.54,0.04,FILLED,O:XSP250404C00533000
HTML_3945292630993463876,2025-04-04 14:16:00,SELL,XSP,533.0,C,2025-04-04,1.0,0.37,37.0,0.04,FILLED,O:XSP250404C00533000
HTML_2261195578698530295,2025-04-07 13:45:00,BUY,XSP,486.0,C,2025-04-07,1.0,6.5,-650.54,0.04,FILLED,O:XSP250407C00486000
HTML_6734383358294979709,2025-04-07 13:49:00,BUY,XSP,489.0,P,2025-04-07,1.0,6.5,-650.54,0.04,FILLED,O:XSP250407P00489000
HTML_1247325399226262512,2025-04-07 13:52:00,BUY,XSP,505.0,C,2025-04-07,1.0,2.5,-250.54,0.04,FILLED,O:XSP250407C00505000
HTML_6435909079808338637,2025-04-07 13:53:00,BUY,XSP,479.0,P,2025-04-07,1.0,2.5,-250.54,0.04,FILLED,O:XSP250407P00479000
HTML_957297925742207639,2025-04-07 14:11:00,SELL,XSP,486.0,C,2025-04-07,1.0,20.0,2000.0,0.04,FILLED,O:XSP250407C00486000
HTML_2673428480321111791,2025-04-07 14:11:00,SELL,XSP,505.0,C,2025-04-07,1.0,8.37,837.0,0.04,FILLED,O:XSP250407C00505000
HTML_3796930317492912834,2025-04-07 14:13:00,SELL,XSP,489.0,P,2025-04-07,1.0,0.8,80.0,0.04,FILLED,O:XSP250407P00489000
HTML_4017994639780412959,2025-04-07 14:13:00,SELL,XSP,479.0,P,2025-04-07,1.0,0.25,25.0,0.04,FILLED,O:XSP250407P00479000
HTML_7495161485448062962,2025-04-07 14:21:00,BUY,XSP,477.0,P,2025-04-07,1.0,0.72,-72.54,0.04,FILLED,O:XSP250407P00477000
HTML_1837254638813289056,2025-04-07 14:23:00,SELL,XSP,477.0,P,2025-04-07,1.0,1.41,141.0,0.04,FILLED,O:XSP250407P00477000
HTML_2824134663867694928,2025-04-08 13:41:00,BUY,XSP,521.0,P,2025-04-08,3.0,5.5,-1651.63,0.13,FILLED,O:XSP250408P00521000
HTML_8940500859450306636,2025-04-08 13:42:00,BUY,XSP,523.0,C,2025-04-08,3.0,4.5,-1351.63,0.13,FILLED,O:XSP250408C00523000
HTML_3467194249033367828,2025-04-08 17:00:00,SELL,XSP,521.0,P,2025-04-08,3.0,12.35,3705.0,0.13,FILLED,O:XSP250408P00521000
HTML_7635899358448581991,2025-04-08 17:20:00,SELL,XSP,523.0,C,2025-04-08,3.0,0.22,66.0,0.13,FILLED,O:XSP250408C00523000
HTML_1615423917733053699,2025-04-09 13:39:00,BUY,XSP,502.0,C,2025-04-09,2.0,7.41,-1481.08,0.08,FILLED,O:XSP250409C00502000
HTML_8759189825044427969,2025-04-09 13:40:00,BUY,XSP,499.0,P,2025-04-09,2.0,7.36,-1471.08,0.08,FILLED,O:XSP250409P00499000
HTML_8734186106095953783,2025-04-09 13:41:00,BUY,XSP,511.0,C,2025-04-09,1.0,4.0,-400.54,0.04,FILLED,O:XSP250409C00511000
HTML_1220689587711812065,2025-04-09 13:43:00,BUY,XSP,495.0,P,2025-04-09,1.0,4.61,-460.54,0.04,FILLED,O:XSP250409P00495000
HTML_1665411064490902072,2025-04-09 17:24:00,SELL,XSP,502.0,C,2025-04-09,2.0,23.0,4600.0,0.08,FILLED,O:XSP250409C00502000
HTML_2742029322624200263,2025-04-09 17:25:00,SELL,XSP,511.0,C,2025-04-09,1.0,16.5,1650.0,0.04,FILLED,O:XSP250409C00511000
HTML_4684816574305323067,2025-04-09 17:25:00,SELL,XSP,495.0,P,2025-04-09,1.0,0.1,10.0,0.04,FILLED,O:XSP250409P00495000
HTML_2103364291879794078,2025-04-09 18:04:00,SELL,XSP,499.0,P,2025-04-09,2.0,0.15,30.0,0.08,FILLED,O:XSP250409P00499000
HTML_8263880396082153895,2025-04-10 13:42:00,BUY,XSP,531.0,P,2025-04-10,4.0,5.53,-2210.16,0.16,FILLED,O:XSP250410P00531000
HTML_3816793546694589345,2025-04-10 13:44:00,BUY,XSP,532.0,C,2025-04-10,4.0,5.09,-2038.17,0.17,FILLED,O:XSP250410C00532000
HTML_8981089314763297928,2025-04-10 13:45:00,BUY,XSP,534.0,C,2025-04-10,1.0,4.46,-446.54,0.04,FILLED,O:XSP250410C00534000
HTML_2520666034293419944,2025-04-10 13:46:00,BUY,XSP,532.0,P,2025-04-10,1.0,5.25,-524.54,0.04,FILLED,O:XSP250410P00532000
HTML_3595808662792036498,2025-04-10 16:17:00,SELL,XSP,531.0,P,2025-04-10,4.0,15.0,6000.0,0.17,FILLED,O:XSP250410P00531000
HTML_5174733130508179603,2025-04-10 16:18:00,SELL,XSP,532.0,P,2025-04-10,1.0,16.39,1639.0,0.04,FILLED,O:XSP250410P00532000
HTML_4958358466714346053,2025-04-10 16:27:00,SELL,XSP,532.0,C,2025-04-10,4.0,1.25,500.0,0.17,FILLED,O:XSP250410C00532000
HTML_5035859095462425976,2025-04-10 16:28:00,SELL,XSP,534.0,C,2025-04-10,1.0,1.0,100.0,0.04,FILLED,O:XSP250410C00534000
HTML_1748519151929827895,2025-04-11 13:42:00,BUY,XSP,526.0,C,2025-04-11,7.0,5.79,-4049.8,0.3,FILLED,O:XSP250411C00526000
HTML_5770794858057873848,2025-04-11 13:43:00,BUY,XSP,525.0,P,2025-04-11,7.0,5.63,-3944.8,0.3,FILLED,O:XSP250411P00525000
HTML_6357055149389322260,2025-04-11 19:13:00,SELL,XSP,526.0,C,2025-04-11,7.0,10.7,7490.0,0.3,FILLED,O:XSP250411C00526000
HTML_6610306768245076072,2025-04-11 19:13:00,SELL,XSP,525.0,P,2025-04-11,7.0,0.04,28.0,0.04,FILLED,O:XSP250411P00525000
HTML_6656568049328487642,2025-04-14 13:40:00,BUY,XSP,542.0,P,2025-04-14,11.0,3.63,-3999.75,1.25,FILLED,O:XSP250414P00542000
HTML_4433854779165422582,2025-04-14 13:41:00,BUY,XSP,544.0,C,2025-04-14,15.0,2.75,-4119.2,1.7,FILLED,O:XSP250414C00544000
HTML_6013037416951065542,2025-04-14 13:41:00,BUY,XSP,542.0,P,2025-04-14,1.0,3.81,-381.54,0.04,FILLED,O:XSP250414P00542000
HTML_8987641852543930329,2025-04-14 13:43:00,BUY,XSP,544.0,C,2025-04-14,1.0,2.6,-260.54,0.04,FILLED,O:XSP250414C00544000
HTML_8574074451377941873,2025-04-14 19:26:00,SELL,XSP,542.0,P,2025-04-14,12.0,0.3,360.0,0.3,FILLED,O:XSP250414P00542000
HTML_3497391100553245515,2025-04-14 19:27:00,SELL,XSP,544.0,C,2025-04-14,16.0,0.44,704.0,0.44,FILLED,O:XSP250414C00544000
HTML_5104419644821709907,2025-04-15 13:48:00,BUY,XSP,543.0,P,2025-04-15,2.0,1.99,-397.08,0.08,FILLED,O:XSP250415P00543000
HTML_6048519514326817117,2025-04-15 13:49:00,BUY,XSP,542.0,P,2025-04-15,1.0,1.67,-166.54,0.04,FILLED,O:XSP250415P00542000
HTML_6327392786607448462,2025-04-15 14:26:00,SELL,XSP,543.0,P,2025-04-15,2.0,3.57,714.0,0.08,FILLED,O:XSP250415P00543000
HTML_4981630429525504380,2025-04-15 14:27:00,SELL,XSP,542.0,P,2025-04-15,1.0,3.08,308.0,0.04,FILLED,O:XSP250415P00542000
HTML_8789986973189278784,2025-04-15 14:42:00,BUY,XSP,542.0,P,2025-04-15,2.0,2.12,-423.08,0.08,FILLED,O:XSP250415P00542000
HTML_3062234219304411621,2025-04-15 16:58:00,SELL,XSP,542.0,P,2025-04-15,2.0,2.55,510.0,0.08,FILLED,O:XSP250415P00542000
HTML_7839655801919576762,2025-04-15 18:26:00,BUY,XSP,541.0,C,2025-04-15,1.0,0.59,-59.54,0.04,FILLED,O:XSP250415C00541000
HTML_1294488148920897177,2025-04-15 18:58:00,SELL,XSP,541.0,C,2025-04-15,1.0,0.66,66.0,0.04,FILLED,O:XSP250415C00541000
HTML_3125652037090533754,2025-04-16 14:06:00,BUY,XSP,534.0,C,2025-04-16,6.0,1.96,-1173.26,0.26,FILLED,O:XSP250416C00534000
HTML_7987440762762096323,2025-04-16 14:45:00,SELL,XSP,534.0,C,2025-04-16,6.0,2.5,1500.0,0.26,FILLED,O:XSP250416C00534000
HTML_5417738350623605343,2025-04-16 17:03:00,BUY,XSP,533.0,C,2025-04-16,2.0,1.8,-361.08,0.08,FILLED,O:XSP250416C00533000
HTML_7083111947182908678,2025-04-16 17:22:00,SELL,XSP,533.0,C,2025-04-16,2.0,2.0,400.0,0.08,FILLED,O:XSP250416C00533000
HTML_2919394572978135312,2025-04-17 14:54:00,BUY,XSP,527.0,P,2025-04-17,2.0,2.13,-427.08,0.08,FILLED,O:XSP250417P00527000
HTML_7965596553367910781,2025-04-17 15:01:00,BUY,XSP,528.0,C,2025-04-17,2.0,2.02,-405.08,0.08,FILLED,O:XSP250417C00528000
HTML_3939883067612451195,2025-04-17 15:02:00,BUY,XSP,532.0,C,2025-04-17,1.0,0.59,-59.54,0.04,FILLED,O:XSP250417C00532000
HTML_7402856932511628844,2025-04-17 15:03:00,BUY,XSP,521.0,P,2025-04-17,1.0,0.6,-60.54,0.04,FILLED,O:XSP250417P00521000
HTML_5151939401107123416,2025-04-17 16:58:00,SELL,XSP,528.0,C,2025-04-17,2.0,4.58,916.0,0.08,FILLED,O:XSP250417C00528000
HTML_7764815769654614726,2025-04-17 16:58:00,SELL,XSP,532.0,C,2025-04-17,1.0,1.95,195.0,0.04,FILLED,O:XSP250417C00532000
HTML_8675993477910377426,2025-04-17 17:32:00,SELL,XSP,521.0,P,2025-04-17,1.0,0.08,8.0,0.04,FILLED,O:XSP250417P00521000
HTML_8879452063150686898,2025-04-17 17:32:00,SELL,XSP,527.0,P,2025-04-17,2.0,0.65,130.0,0.08,FILLED,O:XSP250417P00527000
HTML_5087940038336917979,2025-04-21 14:03:00,BUY,XSP,517.0,P,2025-04-21,5.0,2.25,-1127.72,0.22,FILLED,O:XSP250421P00517000
HTML_838274436200017346,2025-04-21 14:05:00,BUY,XSP,519.0,C,2025-04-21,5.0,2.25,-1127.72,0.22,FILLED,O:XSP250421C00519000
HTML_2717781267817891135,2025-04-21 15:05:00,SELL,XSP,517.0,P,2025-04-21,5.0,2.56,1280.0,0.22,FILLED,O:XSP250421P00517000
HTML_5303626346300145270,2025-04-22 14:06:00,BUY,XSP,525.0,C,2025-04-22,1.0,1.93,-192.54,0.04,FILLED,O:XSP250422C00525000
HTML_6156559534776916280,2025-04-22 14:07:00,BUY,XSP,524.0,P,2025-04-22,1.0,2.17,-216.54,0.04,FILLED,O:XSP250422P00524000
HTML_3643795321717073978,2025-04-22 14:08:00,BUY,XSP,524.0,P,2025-04-22,1.0,2.17,-216.54,0.04,FILLED,O:XSP250422P00524000
HTML_1985981138897469489,2025-04-22 14:09:00,BUY,XSP,526.0,C,2025-04-22,1.0,1.52,-152.54,0.04,FILLED,O:XSP250422C00526000
HTML_5019041652815216357,2025-04-22 16:08:00,SELL,XSP,525.0,C,2025-04-22,1.0,4.87,487.0,0.04,FILLED,O:XSP250422C00525000
HTML_1406502609359994512,2025-04-22 16:08:00,SELL,XSP,526.0,C,2025-04-22,1.0,4.2,420.0,0.04,FILLED,O:XSP250422C00526000
HTML_7886288520655617250,2025-04-22 16:18:00,BUY,XSP,529.0,P,2025-04-22,1.0,1.6,-160.54,0.04,FILLED,O:XSP250422P00529000
HTML_141636014699625582,2025-04-22 16:18:00,BUY,XSP,530.0,C,2025-04-22,1.0,1.62,-162.54,0.04,FILLED,O:XSP250422C00530000
HTML_4168035052680499554,2025-04-22 16:25:00,SELL,XSP,530.0,C,2025-04-22,1.0,2.05,205.0,0.04,FILLED,O:XSP250422C00530000
HTML_7801565308515446647,2025-04-22 17:20:00,SELL,XSP,529.0,P,2025-04-22,1.0,3.62,362.0,0.04,FILLED,O:XSP250422P00529000
HTML_8702532593946942782,2025-04-22 17:21:00,SELL,XSP,524.0,P,2025-04-22,2.0,1.18,236.0,0.08,FILLED,O:XSP250422P00524000
HTML_7182822438078611293,2025-04-23 14:05:00,BUY,XSP,546.0,C,2025-04-23,2.0,2.88,-577.08,0.08,FILLED,O:XSP250423C00546000
HTML_1378821855534519527,2025-04-23 14:05:00,BUY,XSP,544.0,P,2025-04-23,1.0,3.0,-299.54,0.04,FILLED,O:XSP250423P00544000
HTML_6584560497477814903,2025-04-23 14:07:00,BUY,XSP,538.0,P,2025-04-23,1.0,1.01,-101.54,0.04,FILLED,O:XSP250423P00538000
HTML_5812032581564277815,2025-04-23 16:20:00,SELL,XSP,544.0,P,2025-04-23,1.0,8.3,830.0,0.04,FILLED,O:XSP250423P00544000
HTML_5349291314279842046,2025-04-23 16:20:00,SELL,XSP,538.0,P,2025-04-23,1.0,3.46,346.0,0.04,FILLED,O:XSP250423P00538000
HTML_8546423057704726,2025-04-23 16:21:00,SELL,XSP,546.0,C,2025-04-23,2.0,0.25,50.0,0.08,FILLED,O:XSP250423C00546000
HTML_2418752443705832519,2025-04-23 16:26:00,BUY,XSP,537.0,C,2025-04-23,1.0,1.97,-196.54,0.04,FILLED,O:XSP250423C00537000
HTML_7585473945312042201,2025-04-23 16:26:00,BUY,XSP,535.0,P,2025-04-23,1.0,2.19,-218.54,0.04,FILLED,O:XSP250423P00535000
HTML_7245290270898094456,2025-04-23 16:57:00,SELL,XSP,537.0,C,2025-04-23,1.0,3.88,388.0,0.04,FILLED,O:XSP250423C00537000
HTML_883733649347835269,2025-04-23 16:58:00,SELL,XSP,535.0,P,2025-04-23,1.0,0.65,65.0,0.04,FILLED,O:XSP250423P00535000
HTML_3938685311537492903,2025-04-24 14:03:00,BUY,XSP,539.0,P,2025-04-24,2.0,1.84,-369.08,0.08,FILLED,O:XSP250424P00539000
HTML_7835105446362575995,2025-04-24 14:04:00,BUY,XSP,543.0,C,2025-04-24,2.0,1.69,-337.08,0.08,FILLED,O:XSP250424C00543000
HTML_5713406473824318550,2025-04-24 15:14:00,SELL,XSP,543.0,C,2025-04-24,1.0,3.73,373.0,0.04,FILLED,O:XSP250424C00543000
HTML_1755098318050258155,2025-04-24 15:14:00,SELL,XSP,543.0,C,2025-04-24,1.0,3.73,373.0,0.04,FILLED,O:XSP250424C00543000
HTML_2871007961582950936,2025-04-24 15:14:00,SELL,XSP,539.0,P,2025-04-24,2.0,0.56,112.0,0.08,FILLED,O:XSP250424P00539000
HTML_5972077590922784573,2025-04-25 14:07:00,BUY,XSP,549.0,C,2025-04-25,2.0,2.17,-435.08,0.08,FILLED,O:XSP250425C00549000
HTML_8762822473976574078,2025-04-25 14:08:00,BUY,XSP,548.0,P,2025-04-25,2.0,1.98,-395.08,0.08,FILLED,O:XSP250425P00548000
HTML_8489769095938278967,2025-04-25 19:39:00,SELL,XSP,549.0,C,2025-04-25,2.0,2.01,402.0,0.08,FILLED,O:XSP250425C00549000
HTML_8421918248166870819,2025-04-28 13:57:00,BUY,XSP,553.0,C,2025-04-28,2.0,1.93,-385.08,0.08,FILLED,O:XSP250428C00553000
HTML_5271247959995958713,2025-04-28 13:57:00,BUY,XSP,553.0,P,2025-04-28,2.0,2.15,-429.08,0.08,FILLED,O:XSP250428P00553000
HTML_1376557173027680900,2025-04-28 16:11:00,SELL,XSP,553.0,P,2025-04-28,2.0,5.3,1060.0,0.08,FILLED,O:XSP250428P00553000
HTML_7070022976891398124,2025-04-28 16:25:00,BUY,XSP,549.0,C,2025-04-28,2.0,1.2,-239.08,0.08,FILLED,O:XSP250428C00549000
HTML_1292678792235872966,2025-04-28 16:25:00,BUY,XSP,549.0,P,2025-04-28,1.0,2.06,-205.54,0.04,FILLED,O:XSP250428P00549000
HTML_8375959986946893526,2025-04-28 17:59:00,SELL,XSP,549.0,P,2025-04-28,1.0,0.86,86.0,0.04,FILLED,O:XSP250428P00549000
HTML_2055379030681678471,2025-04-28 18:13:00,SELL,XSP,549.0,C,2025-04-28,2.0,1.06,212.0,0.08,FILLED,O:XSP250428C00549000
HTML_1506943398523580871,2025-04-28 18:13:00,SELL,XSP,553.0,C,2025-04-28,2.0,0.06,12.0,0.06,FILLED,O:XSP250428C00553000
HTML_347039940858122755,2025-04-29 14:04:00,BUY,XSP,553.0,P,2025-04-29,2.0,1.99,-397.08,0.08,FILLED,O:XSP250429P00553000
HTML_7252582574525214004,2025-04-29 14:04:00,BUY,XSP,553.0,C,2025-04-29,2.0,1.98,-395.08,0.08,FILLED,O:XSP250429C00553000
HTML_3115123442429151642,2025-04-29 14:05:00,BUY,XSP,556.0,C,2025-04-29,1.0,0.99,-99.54,0.04,FILLED,O:XSP250429C00556000
HTML_5355201981366625867,2025-04-29 14:07:00,BUY,XSP,548.0,P,2025-04-29,1.0,0.41,-41.54,0.04,FILLED,O:XSP250429P00548000
HTML_814911248607576031,2025-04-29 18:05:00,SELL,XSP,553.0,C,2025-04-29,2.0,4.18,836.0,0.08,FILLED,O:XSP250429C00553000
HTML_5563945592696650181,2025-04-29 18:05:00,SELL,XSP,556.0,C,2025-04-29,1.0,1.73,173.0,0.04,FILLED,O:XSP250429C00556000
HTML_8793248916213585195,2025-04-29 18:07:00,SELL,XSP,553.0,P,2025-04-29,2.0,0.13,26.0,0.08,FILLED,O:XSP250429P00553000
HTML_3262328412904215221,2025-04-29 18:07:00,SELL,XSP,548.0,P,2025-04-29,1.0,0.01,1.0,0.01,FILLED,O:XSP250429P00548000
HTML_4601014403362304785,2025-04-30 14:00:00,BUY,XSP,543.0,P,2025-04-30,2.0,2.25,-449.08,0.08,FILLED,O:XSP250430P00543000
HTML_133608772474790068,2025-04-30 14:00:00,BUY,XSP,545.0,C,2025-04-30,2.0,2.33,-467.08,0.08,FILLED,O:XSP250430C00545000
HTML_6673215093261809527,2025-04-30 14:01:00,BUY,XSP,539.0,P,2025-04-30,1.0,0.71,-71.54,0.04,FILLED,O:XSP250430P00539000
HTML_7919938119564113177,2025-04-30 14:02:00,BUY,XSP,553.0,C,2025-04-30,1.0,0.39,-38.54,0.04,FILLED,O:XSP250430C00553000
HTML_4787734974925068090,2025-04-30 15:09:00,SELL,XSP,545.0,C,2025-04-30,2.0,5.65,1130.0,0.08,FILLED,O:XSP250430C00545000
HTML_2328952034283330399,2025-04-30 15:09:00,SELL,XSP,553.0,C,2025-04-30,1.0,1.05,105.0,0.04,FILLED,O:XSP250430C00553000
HTML_6685684271898553414,2025-04-30 15:10:00,BUY,XSP,551.0,C,2025-04-30,1.0,1.77,-177.54,0.04,FILLED,O:XSP250430C00551000
HTML_4229413062984424612,2025-04-30 15:10:00,BUY,XSP,550.0,P,2025-04-30,1.0,2.19,-219.54,0.04,FILLED,O:XSP250430P00550000
HTML_3090440679771330012,2025-04-30 15:11:00,BUY,XSP,546.0,P,2025-04-30,1.0,0.81,-81.54,0.04,FILLED,O:XSP250430P00546000
HTML_4662646065607183370,2025-04-30 15:11:00,BUY,XSP,554.0,C,2025-04-30,1.0,0.88,-87.54,0.04,FILLED,O:XSP250430C00554000
HTML_7017315671058700479,2025-04-30 19:50:00,SELL,XSP,551.0,C,2025-04-30,1.0,4.3,430.0,0.04,FILLED,O:XSP250430C00551000
HTML_54999221483560691,2025-04-30 19:50:00,SELL,XSP,554.0,C,2025-04-30,1.0,1.52,152.0,0.04,FILLED,O:XSP250430C00554000
HTML_3330525235997934434,2025-04-30 19:50:00,SELL,XSP,550.0,P,2025-04-30,1.0,0.01,1.0,0.01,FILLED,O:XSP250430P00550000
HTML_5741406722743174671,2025-05-01 13:59:00,BUY,XSP,563.0,C,2025-05-01,2.0,1.69,-337.08,0.08,FILLED,O:XSP250501C00563000
HTML_7110043168649758992,2025-05-01 13:59:00,BUY,XSP,561.0,P,2025-05-01,2.0,2.42,-483.08,0.08,FILLED,O:XSP250501P00561000
HTML_7916222545740973134,2025-05-01 19:59:00,SELL,XSP,561.0,P,2025-05-01,2.0,0.5,100.0,0.08,FILLED,O:XSP250501P00561000
HTML_1108226783506091665,2025-05-02 13:59:00,BUY,XSP,570.0,C,2025-05-02,1.0,0.41,-41.54,0.04,FILLED,O:XSP250502C00570000
HTML_8170893609051628886,2025-05-02 14:01:00,BUY,XSP,560.0,P,2025-05-02,1.0,0.57,-57.54,0.04,FILLED,O:XSP250502P00560000
HTML_4190339401420221007,2025-05-02 15:31:00,SELL,XSP,560.0,P,2025-05-02,1.0,0.18,18.0,0.04,FILLED,O:XSP250502P00560000
HTML_8679833357863342733,2025-05-02 15:32:00,SELL,XSP,570.0,C,2025-05-02,1.0,0.28,28.0,0.04,FILLED,O:XSP250502C00570000
HTML_5135536994731273258,2025-05-05 13:59:00,BUY,XSP,565.0,C,2025-05-05,1.0,1.69,-168.54,0.04,FILLED,O:XSP250505C00565000
HTML_3903751453645583930,2025-05-05 13:59:00,BUY,XSP,565.0,P,2025-05-05,1.0,1.79,-179.54,0.04,FILLED,O:XSP250505P00565000
HTML_4985781422328280130,2025-05-05 14:00:00,BUY,XSP,567.0,C,2025-05-05,1.0,0.88,-87.54,0.04,FILLED,O:XSP250505C00567000
HTML_107508117423773690,2025-05-05 14:01:00,BUY,XSP,564.0,P,2025-05-05,1.0,0.9,-89.54,0.04,FILLED,O:XSP250505P00564000
HTML_553781080540967135,2025-05-05 19:59:00,SELL,XSP,565.0,C,2025-05-05,1.0,0.12,12.0,0.04,FILLED,O:XSP250505C00565000
HTML_5985391569709736143,2025-05-05 19:59:00,SELL,XSP,565.0,P,2025-05-05,1.0,0.05,5.0,0.04,FILLED,O:XSP250505P00565000
HTML_6261288242273749113,2025-06-03 13:40:00,BUY,XSP,593.0,P,2025-06-03,7.0,1.17,-815.8,0.3,FILLED,O:XSP250603P00593000
HTML_8533925276499635863,2025-06-03 13:41:00,BUY,XSP,594.0,C,2025-06-03,7.0,1.25,-878.8,0.3,FILLED,O:XSP250603C00594000
HTML_2170694590001946133,2025-06-03 13:52:00,BUY,XSP,592.0,P,2025-06-03,1.0,0.69,-68.54,0.04,FILLED,O:XSP250603P00592000
HTML_3055763081766876782,2025-06-03 14:15:00,BUY,XSP,594.0,P,2025-06-03,4.0,1.1,-442.17,0.17,FILLED,O:XSP250603P00594000
HTML_9191740824425506838,2025-06-03 14:17:00,BUY,XSP,594.0,C,2025-06-03,3.0,1.27,-382.63,0.13,FILLED,O:XSP250603C00594000
HTML_7529974618582075668,2025-06-03 15:23:00,SELL,XSP,594.0,C,2025-06-03,10.0,2.31,2310.0,1.14,FILLED,O:XSP250603C00594000
HTML_7958127098335111232,2025-06-03 17:22:00,SELL,XSP,593.0,P,2025-06-03,7.0,0.04,28.0,0.04,FILLED,O:XSP250603P00593000
HTML_755161420796057163,2025-06-03 17:22:00,SELL,XSP,594.0,P,2025-06-03,4.0,0.05,20.0,0.05,FILLED,O:XSP250603P00594000
HTML_6698823759368496963,2025-06-03 17:23:00,SELL,XSP,592.0,P,2025-06-03,1.0,0.03,3.0,0.03,FILLED,O:XSP250603P00592000
HTML_6974550336794677868,2025-06-04 13:42:00,BUY,XSP,599.0,C,2025-06-04,7.0,1.19,-829.8,0.3,FILLED,O:XSP250604C00599000
HTML_2312947595338268171,2025-06-04 13:43:00,BUY,XSP,598.0,P,2025-06-04,8.0,1.09,-876.35,0.35,FILLED,O:XSP250604P00598000
HTML_131760446712361919,2025-06-04 14:26:00,BUY,XSP,600.0,C,2025-06-04,1.0,0.48,-48.54,0.04,FILLED,O:XSP250604C00600000
HTML_513809557353599117,2025-06-04 14:27:00,BUY,XSP,597.0,P,2025-06-04,1.0,0.6,-60.54,0.04,FILLED,O:XSP250604P00597000
HTML_7287142910370601424,2025-06-04 19:53:00,SELL,XSP,598.0,P,2025-06-04,8.0,0.48,384.0,0.35,FILLED,O:XSP250604P00598000
HTML_7280438477542227118,2025-06-04 19:53:00,SELL,XSP,597.0,P,2025-06-04,1.0,0.05,5.0,0.04,FILLED,O:XSP250604P00597000
HTML_102165461306371635,2025-06-05 13:41:00,BUY,XSP,597.0,P,2025-06-05,1.0,1.83,-183.54,0.04,FILLED,O:XSP250605P00597000
HTML_3358120586288056248,2025-06-05 13:41:00,BUY,XSP,597.0,C,2025-06-05,1.0,1.69,-168.54,0.04,FILLED,O:XSP250605C00597000
HTML_2758245769350168816,2025-06-05 13:59:00,SELL,XSP,597.0,P,2025-06-05,1.0,2.7,270.0,0.04,FILLED,O:XSP250605P00597000
HTML_1096858759774808869,2025-06-05 14:00:00,SELL,XSP,597.0,C,2025-06-05,1.0,1.12,112.0,0.04,FILLED,O:XSP250605C00597000
HTML_5671031851739786820,2025-06-06 13:41:00,BUY,XSP,600.0,P,2025-06-06,1.0,1.09,-109.54,0.04,FILLED,O:XSP250606P00600000
HTML_2797194702101652162,2025-06-06 13:54:00,BUY,XSP,594.0,P,2025-06-06,1.0,0.14,-14.54,0.04,FILLED,O:XSP250606P00594000
HTML_7379072782212510058,2025-06-06 15:24:00,SELL,XSP,600.0,P,2025-06-06,1.0,1.68,168.0,0.04,FILLED,O:XSP250606P00600000
HTML_2341280765240799840,2025-06-06 15:24:00,SELL,XSP,594.0,P,2025-06-06,1.0,0.17,17.0,0.04,FILLED,O:XSP250606P00594000
HTML_972861950328861793,2025-06-09 13:40:00,BUY,XSP,601.0,C,2025-06-09,2.0,0.81,-161.08,0.08,FILLED,O:XSP250609C00601000
HTML_2791641488019631502,2025-06-09 16:46:00,SELL,XSP,601.0,C,2025-06-09,2.0,1.02,204.0,0.08,FILLED,O:XSP250609C00601000
HTML_3649572929749985624,2025-06-10 13:41:00,BUY,XSP,601.0,P,2025-06-10,2.0,0.92,-183.08,0.08,FILLED,O:XSP250610P00601000
HTML_6239315031881905924,2025-06-10 13:48:00,SELL,XSP,601.0,P,2025-06-10,2.0,1.22,244.0,0.08,FILLED,O:XSP250610P00601000
HTML_854395561806029554,2025-06-10 13:49:00,BUY,XSP,598.0,P,2025-06-10,1.0,0.24,-24.54,0.04,FILLED,O:XSP250610P00598000
HTML_2721272229905028741,2025-06-10 13:55:00,SELL,XSP,598.0,P,2025-06-10,1.0,0.33,33.0,0.04,FILLED,O:XSP250610P00598000
HTML_3003195358618021784,2025-06-11 13:40:00,BUY,XSP,604.0,P,2025-06-11,2.0,1.31,-263.08,0.08,FILLED,O:XSP250611P00604000
HTML_3991501037079242015,2025-06-11 13:42:00,SELL,XSP,604.0,P,2025-06-11,2.0,1.8,360.0,0.08,FILLED,O:XSP250611P00604000
HTML_5581518241020636826,2025-06-12 13:40:00,BUY,XSP,601.0,P,2025-06-12,4.0,1.26,-506.17,0.17,FILLED,O:XSP250612P00601000
HTML_5481295787937566938,2025-06-12 13:43:00,BUY,XSP,598.0,P,2025-06-12,1.0,0.42,-42.54,0.04,FILLED,O:XSP250612P00598000
HTML_7099821545647522158,2025-06-20 16:37:00,BUY,XSP,598.0,C,2025-06-20,1.0,0.95,-95.54,0.04,FILLED,O:XSP250620C00598000
HTML_2936841368059109255,2025-06-20 16:38:00,BUY,XSP,596.0,P,2025-06-20,1.0,0.45,-44.54,0.04,FILLED,O:XSP250620P00596000
HTML_6289428880835160108,2025-06-23 13:37:00,BUY,XSP,597.0,P,2025-06-23,4.0,1.15,-458.17,0.17,FILLED,O:XSP250623P00597000
HTML_90466266734483099,2025-06-23 13:57:00,BUY,XSP,598.0,P,2025-06-23,2.0,0.99,-199.08,0.08,FILLED,O:XSP250623P00598000
HTML_5536899775125133528,2025-06-23 14:04:00,SELL,XSP,598.0,P,2025-06-23,2.0,3.0,600.0,0.08,FILLED,O:XSP250623P00598000
HTML_3666589038829033911,2025-06-23 16:35:00,SELL,XSP,597.0,P,2025-06-23,4.0,2.19,876.0,0.17,FILLED,O:XSP250623P00597000
HTML_762425760021274974,2025-06-24 13:48:00,BUY,XSP,607.0,P,2025-06-24,16.0,0.89,-1417.82,0.88,FILLED,O:XSP250624P00607000
HTML_7563098005381722877,2025-06-24 13:58:00,SELL,XSP,607.0,P,2025-06-24,16.0,1.47,2352.0,1.47,FILLED,O:XSP250624P00607000
HTML_1424128955167224881,2025-06-24 14:02:00,BUY,XSP,607.0,C,2025-06-24,4.0,1.01,-406.17,0.17,FILLED,O:XSP250624C00607000
HTML_8340660610771802827,2025-06-24 14:02:00,BUY,XSP,606.0,P,2025-06-24,4.0,0.99,-398.17,0.17,FILLED,O:XSP250624P00606000
HTML_8663070555428862547,2025-06-24 15:59:00,SELL,XSP,607.0,C,2025-06-24,4.0,1.48,592.0,0.17,FILLED,O:XSP250624C00607000
HTML_1436873980517907642,2025-06-24 16:42:00,SELL,XSP,606.0,P,2025-06-24,4.0,0.11,44.0,0.11,FILLED,O:XSP250624P00606000
HTML_3928624180082264356,2025-06-25 13:43:00,BUY,XSP,610.0,P,2025-06-25,30.0,0.71,-2118.41,0.7,FILLED,O:XSP250625P00610000
HTML_6673268895638557286,2025-06-25 13:43:00,BUY,XSP,610.0,P,2025-06-25,1.0,0.69,-69.54,0.04,FILLED,O:XSP250625P00610000
HTML_8920678641793564713,2025-06-25 13:50:00,SELL,XSP,610.0,P,2025-06-25,31.0,0.99,3069.0,0.95,FILLED,O:XSP250625P00610000
HTML_1661890321785129295,2025-06-25 13:56:00,BUY,XSP,611.0,C,2025-06-25,5.0,0.79,-392.72,0.22,FILLED,O:XSP250625C00611000
HTML_2870677165673654948,2025-06-25 13:56:00,BUY,XSP,610.0,P,2025-06-25,5.0,0.8,-397.71,0.21,FILLED,O:XSP250625P00610000
HTML_7204055054872997353,2025-06-25 15:37:00,SELL,XSP,610.0,P,2025-06-25,5.0,1.12,560.0,0.22,FILLED,O:XSP250625P00610000
HTML_2892249375273426270,2025-06-25 15:41:00,SELL,XSP,611.0,C,2025-06-25,0.0,0.2,0.0,0.0,CANCELED,O:XSP250625C00611000
HTML_8587129275990397757,2025-06-25 15:41:00,SELL,XSP,611.0,C,2025-06-25,3.0,0.17,51.0,0.13,FILLED,O:XSP250625C00611000
HTML_891884083962505081,2025-06-26 13:42:00,BUY,XSP,611.0,P,2025-06-26,31.0,0.81,-2499.02,0.8,FILLED,O:XSP250626P00611000
HTML_8852673372435154205,2025-06-26 16:08:00,BUY,XSP,613.0,P,2025-06-26,7.0,0.52,-360.8,0.3,FILLED,O:XSP250626P00613000
HTML_5596758550153718409,2025-06-26 19:23:00,SELL,XSP,613.0,P,2025-06-26,7.0,0.04,28.0,0.04,FILLED,O:XSP250626P00613000
HTML_3937437209256433452,2025-06-26 19:24:00,SELL,XSP,611.0,P,2025-06-26,31.0,0.01,31.0,0.01,FILLED,O:XSP250626P00611000
HTML_7935573002346205773,2025-07-01 13:38:00,BUY,XSP,620.0,C,2025-07-01,10.0,0.65,-646.12,0.64,FILLED,O:XSP250701C00620000
HTML_1053110557720178612,2025-07-01 13:38:00,BUY,XSP,618.0,P,2025-07-01,3.0,0.74,-223.62,0.12,FILLED,O:XSP250701P00618000
HTML_6352891362929742136,2025-07-01 13:40:00,BUY,XSP,616.0,P,2025-07-01,1.0,0.29,-29.54,0.04,FILLED,O:XSP250701P00616000
HTML_607881008145789114,2025-07-01 14:14:00,SELL,XSP,618.0,P,2025-07-01,3.0,0.32,96.0,0.12,FILLED,O:XSP250701P00618000
HTML_3196653827424589489,2025-07-01 14:14:00,SELL,XSP,616.0,P,2025-07-01,1.0,0.11,11.0,0.04,FILLED,O:XSP250701P00616000
HTML_6592558399251770935,2025-07-01 14:17:00,SELL,XSP,620.0,C,2025-07-01,10.0,1.08,1080.0,0.4,FILLED,O:XSP250701C00620000
HTML_7005526723352504849,2025-07-02 13:38:00,BUY,XSP,620.0,C,2025-07-02,11.0,0.78,-853.73,0.77,FILLED,O:XSP250702C00620000
HTML_2309722960723387020,2025-07-02 13:39:00,BUY,XSP,619.0,P,2025-07-02,3.0,0.82,-247.62,0.12,FILLED,O:XSP250702P00619000
HTML_2072480127049555893,2025-07-02 13:40:00,BUY,XSP,617.0,P,2025-07-02,1.0,0.32,-31.54,0.04,FILLED,O:XSP250702P00617000
HTML_2249433012393142915,2025-07-02 13:40:00,BUY,XSP,621.0,C,2025-07-02,1.0,0.43,-43.54,0.04,FILLED,O:XSP250702C00621000
HTML_3925089446569010670,2025-07-02 14:15:00,SELL,XSP,617.0,P,2025-07-02,1.0,0.13,13.0,0.04,FILLED,O:XSP250702P00617000
HTML_8743023085956412323,2025-07-02 14:15:00,SELL,XSP,619.0,P,2025-07-02,3.0,0.41,123.0,0.12,FILLED,O:XSP250702P00619000
HTML_5777333623565072932,2025-07-02 14:26:00,SELL,XSP,620.0,C,2025-07-02,11.0,1.22,1342.0,1.22,FILLED,O:XSP250702C00620000
HTML_5744080492680622643,2025-07-02 14:27:00,SELL,XSP,621.0,C,2025-07-02,1.0,0.65,65.0,0.04,FILLED,O:XSP250702C00621000
HTML_576713411333773170,2025-07-03 13:39:00,BUY,XSP,626.0,C,2025-07-03,8.0,0.74,-596.34,0.34,FILLED,O:XSP250703C00626000
HTML_3105654275785937661,2025-07-03 13:40:00,BUY,XSP,625.0,P,2025-07-03,9.0,0.69,-616.88,0.38,FILLED,O:XSP250703P00625000
HTML_5337406245691575876,2025-07-03 13:55:00,SELL,XSP,625.0,P,2025-07-03,9.0,0.36,324.0,0.36,FILLED,O:XSP250703P00625000
HTML_4751799178190877035,2025-07-03 13:59:00,BUY,XSP,625.0,P,2025-07-03,7.0,0.45,-311.8,0.3,FILLED,O:XSP250703P00625000
HTML_7545576035285949887,2025-07-03 14:03:00,SELL,XSP,626.0,C,2025-07-03,8.0,1.45,1160.0,0.34,FILLED,O:XSP250703C00626000
HTML_1952103854145054642,2025-07-03 14:45:00,SELL,XSP,625.0,P,2025-07-03,7.0,0.09,63.0,0.09,FILLED,O:XSP250703P00625000
HTML_6749507828192163099,2025-07-07 13:41:00,BUY,XSP,625.0,P,2025-07-07,4.0,0.82,-330.16,0.16,FILLED,O:XSP250707P00625000
HTML_1597810301931563140,2025-07-07 13:41:00,BUY,XSP,626.0,C,2025-07-07,8.0,1.01,-812.34,0.34,FILLED,O:XSP250707C00626000
HTML_3967368615233874655,2025-07-07 13:41:00,BUY,XSP,627.0,C,2025-07-07,1.0,0.56,-56.54,0.04,FILLED,O:XSP250707C00627000
HTML_4962547857051154982,2025-07-07 14:40:00,SELL,XSP,626.0,C,2025-07-07,8.0,0.42,336.0,0.34,FILLED,O:XSP250707C00626000
HTML_700429426828010307,2025-07-07 14:40:00,SELL,XSP,627.0,C,2025-07-07,1.0,0.18,18.0,0.04,FILLED,O:XSP250707C00627000
HTML_2265052543953108031,2025-07-07 16:22:00,SELL,XSP,625.0,P,2025-07-07,4.0,3.35,1340.0,0.16,FILLED,O:XSP250707P00625000
HTML_8777311790680910618,2025-07-08 13:39:00,BUY,XSP,622.0,P,2025-07-08,5.0,0.79,-392.71,0.21,FILLED,O:XSP250708P00622000
HTML_4293773564467601763,2025-07-08 13:40:00,BUY,XSP,623.0,C,2025-07-08,11.0,1.07,-1172.73,1.06,FILLED,O:XSP250708C00623000
HTML_7265835392460621529,2025-07-08 13:59:00,BUY,XSP,623.0,P,2025-07-08,1.0,0.98,-98.54,0.04,FILLED,O:XSP250708P00623000
HTML_3063609701011753058,2025-07-08 13:59:00,BUY,XSP,625.0,C,2025-07-08,1.0,0.38,-37.54,0.04,FILLED,O:XSP250708C00625000
HTML_392361084741610306,2025-07-08 14:25:00,SELL,XSP,625.0,C,2025-07-08,1.0,0.13,13.0,0.04,FILLED,O:XSP250708C00625000
HTML_7596743168238557037,2025-07-08 14:31:00,SELL,XSP,623.0,P,2025-07-08,1.0,1.06,106.0,0.04,FILLED,O:XSP250708P00623000
HTML_8656903945315375907,2025-07-08 14:38:00,SELL,XSP,622.0,P,2025-07-08,5.0,0.38,190.0,0.21,FILLED,O:XSP250708P00622000
HTML_3361071319887860580,2025-07-08 18:20:00,SELL,XSP,623.0,C,2025-07-08,11.0,0.59,649.0,0.59,FILLED,O:XSP250708C00623000
HTML_291463165341589519,2025-07-09 13:35:00,BUY,XSP,626.0,C,2025-07-09,7.0,0.97,-682.8,0.3,FILLED,O:XSP250709C00626000
HTML_3527638480841041735,2025-07-09 13:36:00,BUY,XSP,625.0,P,2025-07-09,3.0,0.77,-229.62,0.12,FILLED,O:XSP250709P00625000
HTML_998846033389162913,2025-07-09 13:51:00,SELL,XSP,625.0,P,2025-07-09,3.0,0.47,141.0,0.12,FILLED,O:XSP250709P00625000
HTML_324288843662855315,2025-07-09 14:10:00,SELL,XSP,626.0,C,2025-07-09,7.0,1.31,917.0,0.3,FILLED,O:XSP250709C00626000
HTML_5542123953563967382,2025-07-10 13:40:00,BUY,XSP,625.0,P,2025-07-10,3.0,0.7,-211.62,0.12,FILLED,O:XSP250710P00625000
HTML_495361941073616565,2025-07-10 13:40:00,BUY,XSP,626.0,C,2025-07-10,8.0,0.94,-748.34,0.34,FILLED,O:XSP250710C00626000
HTML_5077355997918589931,2025-07-10 13:41:00,BUY,XSP,625.0,P,2025-07-10,1.0,0.77,-76.54,0.04,FILLED,O:XSP250710P00625000
HTML_3771064874045598758,2025-07-10 15:13:00,SELL,XSP,626.0,C,2025-07-10,8.0,1.58,1264.0,0.34,FILLED,O:XSP250710C00626000
HTML_3601592172917088992,2025-07-10 15:16:00,SELL,XSP,625.0,P,2025-07-10,4.0,0.17,68.0,0.16,FILLED,O:XSP250710P00625000
HTML_3642125248631624463,2025-07-11 13:40:00,BUY,XSP,623.0,P,2025-07-11,3.0,0.85,-256.62,0.12,FILLED,O:XSP250711P00623000
HTML_6647848153819676932,2025-07-11 13:40:00,BUY,XSP,625.0,C,2025-07-11,10.0,0.91,-906.12,0.9,FILLED,O:XSP250711C00625000
HTML_8321461291709405121,2025-07-11 13:42:00,BUY,XSP,621.0,P,2025-07-11,1.0,0.38,-37.54,0.04,FILLED,O:XSP250711P00621000
HTML_4338492792126373733,2025-07-11 14:17:00,SELL,XSP,625.0,C,2025-07-11,10.0,1.56,1560.0,1.12,FILLED,O:XSP250711C00625000
HTML_9031095683285905963,2025-07-11 14:17:00,SELL,XSP,621.0,P,2025-07-11,1.0,0.09,9.0,0.04,FILLED,O:XSP250711P00621000
HTML_7374564092365232614,2025-07-11 14:17:00,SELL,XSP,623.0,P,2025-07-11,3.0,0.24,72.0,0.12,FILLED,O:XSP250711P00623000
HTML_8663703808214793245,2025-07-14 13:42:00,BUY,XSP,625.0,C,2025-07-14,6.0,0.88,-525.25,0.25,FILLED,O:XSP250714C00625000
HTML_3677941945505128898,2025-07-14 13:45:00,BUY,XSP,623.0,P,2025-07-14,2.0,0.73,-147.08,0.08,FILLED,O:XSP250714P00623000
HTML_3838767831888611286,2025-07-14 13:49:00,BUY,XSP,623.0,P,2025-07-14,1.0,0.33,-32.54,0.04,FILLED,O:XSP250714P00623000
HTML_4087745964956468061,2025-07-14 14:03:00,SELL,XSP,625.0,C,2025-07-14,6.0,1.68,1008.0,0.25,FILLED,O:XSP250714C00625000
HTML_8955369929719244860,2025-07-14 15:53:00,SELL,XSP,623.0,P,2025-07-14,3.0,0.08,24.0,0.08,FILLED,O:XSP250714P00623000
HTML_3580424122833824990,2025-07-15 13:36:00,BUY,XSP,629.0,P,2025-07-15,5.0,1.06,-532.71,0.21,FILLED,O:XSP250715P00629000
HTML_1198756973069988035,2025-07-15 13:36:00,BUY,XSP,630.0,C,2025-07-15,25.0,0.65,-1615.31,0.64,FILLED,O:XSP250715C00630000
HTML_7203396935738257524,2025-07-15 13:37:00,BUY,XSP,630.0,C,2025-07-15,1.0,0.0,-0.67,0.67,FILLED,O:XSP250715C00630000
HTML_6306220855058095582,2025-07-15 13:51:00,BUY,XSP,630.0,C,2025-07-15,1.0,0.45,-44.54,0.04,FILLED,O:XSP250715C00630000
HTML_4644960489292759499,2025-07-15 13:59:00,SELL,XSP,630.0,C,2025-07-15,26.0,0.29,754.0,0.29,FILLED,O:XSP250715C00630000
HTML_3990912808224823374,2025-07-15 14:53:00,SELL,XSP,629.0,P,2025-07-15,5.0,2.8,1400.0,0.21,FILLED,O:XSP250715P00629000
HTML_2850252724613805198,2025-07-16 13:39:00,BUY,XSP,626.0,C,2025-07-16,16.0,0.94,-1512.67,0.67,FILLED,O:XSP250716C00626000
HTML_5598200344449763987,2025-07-16 13:39:00,BUY,XSP,625.0,P,2025-07-16,7.0,0.73,-514.8,0.3,FILLED,O:XSP250716P00625000
HTML_9038436729222857790,2025-07-16 13:42:00,BUY,XSP,624.0,P,2025-07-16,1.0,0.67,-66.54,0.04,FILLED,O:XSP250716P00624000
HTML_2736719782143368427,2025-07-16 13:50:00,SELL,XSP,626.0,C,2025-07-16,16.0,0.48,768.0,0.48,FILLED,O:XSP250716C00626000
HTML_4720215119328969296,2025-07-16 14:07:00,SELL,XSP,625.0,P,2025-07-16,7.0,1.75,1225.0,0.3,FILLED,O:XSP250716P00625000
HTML_3265155397647309078,2025-07-16 14:07:00,SELL,XSP,624.0,P,2025-07-16,1.0,1.22,122.0,0.04,FILLED,O:XSP250716P00624000
HTML_1080121339468070171,2025-07-17 13:39:00,BUY,XSP,626.0,P,2025-07-17,6.0,0.69,-417.25,0.25,FILLED,O:XSP250717P00626000
HTML_4939471839725201188,2025-07-17 13:40:00,BUY,XSP,628.0,C,2025-07-17,24.0,0.61,-1454.7,0.6,FILLED,O:XSP250717C00628000
HTML_8080533386406921811,2025-07-17 13:41:00,BUY,XSP,625.0,P,2025-07-17,1.0,0.32,-31.54,0.04,FILLED,O:XSP250717P00625000
HTML_1019775004734547616,2025-07-17 13:49:00,SELL,XSP,628.0,C,2025-07-17,24.0,0.99,2376.0,0.99,FILLED,O:XSP250717C00628000
HTML_698899998685852867,2025-07-17 13:49:00,SELL,XSP,625.0,P,2025-07-17,1.0,0.24,24.0,0.04,FILLED,O:XSP250717P00625000
HTML_7750399977107313199,2025-07-17 13:50:00,SELL,XSP,626.0,P,2025-07-17,6.0,0.39,234.0,0.25,FILLED,O:XSP250717P00626000
HTML_8286743914166628126,2025-07-18 13:40:00,BUY,XSP,631.0,C,2025-07-18,19.0,0.95,-1797.63,0.94,FILLED,O:XSP250718C00631000
HTML_1535392569067735566,2025-07-18 13:40:00,BUY,XSP,630.0,P,2025-07-18,9.0,0.72,-652.88,0.38,FILLED,O:XSP250718P00630000
HTML_2326603122066138208,2025-07-18 14:16:00,SELL,XSP,631.0,C,2025-07-18,16.0,0.42,672.0,0.42,FILLED,O:XSP250718C00631000
HTML_7509900288116332456,2025-07-18 14:17:00,SELL,XSP,631.0,C,2025-07-18,3.0,0.41,123.0,0.12,FILLED,O:XSP250718C00631000
HTML_8152506879962465678,2025-07-18 15:48:00,SELL,XSP,630.0,P,2025-07-18,9.0,0.71,639.0,0.38,FILLED,O:XSP250718P00630000
HTML_3615999605341492378,2025-07-21 13:39:00,BUY,XSP,630.0,P,2025-07-21,7.0,0.4,-276.79,0.29,FILLED,O:XSP250721P00630000
HTML_1716090097124421430,2025-07-21 13:40:00,BUY,XSP,632.0,C,2025-07-21,15.0,0.55,-819.18,0.54,FILLED,O:XSP250721C00632000
HTML_7413284152035239110,2025-07-21 13:47:00,SELL,XSP,632.0,C,2025-07-21,15.0,0.82,1230.0,0.82,FILLED,O:XSP250721C00632000
HTML_1491397941767329880,2025-07-21 13:47:00,SELL,XSP,630.0,P,2025-07-21,7.0,0.26,182.0,0.26,FILLED,O:XSP250721P00630000
HTML_5975657234871833982,2025-07-22 13:40:00,BUY,XSP,629.0,P,2025-07-22,12.0,0.35,-415.35,0.34,FILLED,O:XSP250722P00629000
HTML_6938535281574733034,2025-07-22 13:42:00,BUY,XSP,631.0,C,2025-07-22,12.0,0.92,-1099.35,0.91,FILLED,O:XSP250722C00631000
HTML_3801907665833987386,2025-07-22 13:43:00,BUY,XSP,632.0,C,2025-07-22,1.0,0.49,-49.54,0.04,FILLED,O:XSP250722C00632000
HTML_1883518983438827129,2025-07-22 13:54:00,SELL,XSP,629.0,P,2025-07-22,12.0,1.49,1788.0,1.35,FILLED,O:XSP250722P00629000
HTML_8078096134764074159,2025-07-22 13:54:00,SELL,XSP,631.0,C,2025-07-22,12.0,0.27,324.0,0.27,FILLED,O:XSP250722C00631000
HTML_346620758536122446,2025-07-22 19:10:00,SELL,XSP,632.0,C,2025-07-22,1.0,0.08,8.0,0.04,FILLED,O:XSP250722C00632000
HTML_6293008207105515084,2025-07-23 13:40:00,BUY,XSP,634.0,C,2025-07-23,27.0,0.58,-1555.53,0.57,FILLED,O:XSP250723C00634000
HTML_6485081945857999810,2025-07-23 13:40:00,BUY,XSP,634.0,C,2025-07-23,1.0,0.0,-0.59,0.59,FILLED,O:XSP250723C00634000
HTML_3405619643996486237,2025-07-23 13:40:00,BUY,XSP,632.0,P,2025-07-23,9.0,0.56,-499.88,0.38,FILLED,O:XSP250723P00632000
HTML_5941827336172921637,2025-07-23 13:41:00,BUY,XSP,631.0,P,2025-07-23,1.0,0.34,-34.54,0.04,FILLED,O:XSP250723P00631000
HTML_5488863252935530401,2025-07-23 13:46:00,SELL,XSP,634.0,C,2025-07-23,27.0,0.26,702.0,0.26,FILLED,O:XSP250723C00634000
HTML_5392659981103309762,2025-07-23 14:29:00,SELL,XSP,631.0,P,2025-07-23,1.0,0.29,29.0,0.04,FILLED,O:XSP250723P00631000
HTML_818193568662525482,2025-07-23 14:30:00,SELL,XSP,632.0,P,2025-07-23,9.0,0.49,441.0,0.38,FILLED,O:XSP250723P00632000
HTML_4785123055343870556,2025-07-24 13:40:00,BUY,XSP,635.0,P,2025-07-24,5.0,0.58,-292.71,0.21,FILLED,O:XSP250724P00635000
HTML_5869035584596339617,2025-07-24 13:40:00,BUY,XSP,637.0,C,2025-07-24,16.0,0.56,-889.8,0.55,FILLED,O:XSP250724C00637000
HTML_3742549118306659496,2025-07-24 14:52:00,SELL,XSP,637.0,C,2025-07-24,16.0,1.06,1696.0,1.06,FILLED,O:XSP250724C00637000
HTML_3012069313032487967,2025-07-24 14:52:00,SELL,XSP,635.0,P,2025-07-24,5.0,0.16,80.0,0.16,FILLED,O:XSP250724P00635000
HTML_6484181957297740948,2025-07-25 13:40:00,BUY,XSP,636.0,P,2025-07-25,10.0,0.44,-436.12,0.43,FILLED,O:XSP250725P00636000
HTML_6710251534278446520,2025-07-25 13:40:00,BUY,XSP,638.0,C,2025-07-25,22.0,0.58,-1267.47,0.57,FILLED,O:XSP250725C00638000
HTML_4155622429774412806,2025-07-25 16:24:00,SELL,XSP,638.0,C,2025-07-25,22.0,0.9,1980.0,0.9,FILLED,O:XSP250725C00638000
HTML_2754846692634761055,2025-07-25 16:28:00,SELL,XSP,636.0,P,2025-07-25,10.0,0.08,80.0,0.08,FILLED,O:XSP250725P00636000
HTML_7797692618702517132,2025-07-28 13:39:00,BUY,XSP,638.0,P,2025-07-28,13.0,0.4,-514.96,0.39,FILLED,O:XSP250728P00638000
HTML_5585017938507163269,2025-07-28 13:41:00,BUY,XSP,640.0,C,2025-07-28,27.0,0.57,-1528.53,0.56,FILLED,O:XSP250728C00640000
HTML_5112952241078668643,2025-07-28 15:20:00,SELL,XSP,640.0,C,2025-07-28,27.0,0.22,594.0,0.21,FILLED,O:XSP250728C00640000
HTML_1260520220369088689,2025-07-28 15:24:00,SELL,XSP,638.0,P,2025-07-28,13.0,0.39,507.0,0.39,FILLED,O:XSP250728P00638000
HTML_6659749816867985394,2025-07-29 13:39:00,BUY,XSP,639.0,P,2025-07-29,8.0,0.34,-276.34,0.34,FILLED,O:XSP250729P00639000
HTML_839745856233865932,2025-07-29 13:40:00,BUY,XSP,641.0,C,2025-07-29,13.0,0.62,-800.96,0.61,FILLED,O:XSP250729C00641000
HTML_4426042182012471630,2025-07-29 13:51:00,SELL,XSP,641.0,C,2025-07-29,13.0,0.32,416.0,0.32,FILLED,O:XSP250729C00641000
HTML_1544153267642569325,2025-07-29 14:53:00,SELL,XSP,639.0,P,2025-07-29,8.0,0.9,720.0,0.34,FILLED,O:XSP250729P00639000
HTML_7698948644956640088,2025-07-30 13:41:00,BUY,XSP,638.0,C,2025-07-30,6.0,1.27,-765.25,0.25,FILLED,O:XSP250730C00638000
HTML_1080257399502181586,2025-07-30 13:42:00,BUY,XSP,635.0,P,2025-07-30,5.0,0.52,-257.71,0.21,FILLED,O:XSP250730P00635000
HTML_8093006472032779095,2025-07-30 13:43:00,BUY,XSP,639.0,C,2025-07-30,1.0,0.86,-86.54,0.04,FILLED,O:XSP250730C00639000
HTML_3378677076212187930,2025-07-30 14:02:00,SELL,XSP,639.0,C,2025-07-30,1.0,0.64,64.0,0.04,FILLED,O:XSP250730C00639000
HTML_6435375601638108545,2025-07-30 15:13:00,SELL,XSP,638.0,C,2025-07-30,6.0,1.0,600.0,0.25,FILLED,O:XSP250730C00638000
HTML_3898591104007423996,2025-07-30 16:27:00,SELL,XSP,635.0,P,2025-07-30,5.0,0.29,145.0,0.2,FILLED,O:XSP250730P00635000
HTML_7518818075506441497,2025-07-31 13:41:00,BUY,XSP,638.0,P,2025-07-31,4.0,0.59,-238.16,0.16,FILLED,O:XSP250731P00638000
HTML_2418649515567411365,2025-07-31 13:44:00,BUY,XSP,641.0,C,2025-07-31,6.0,0.96,-579.25,0.25,FILLED,O:XSP250731C00641000
HTML_1677352214249945793,2025-07-31 14:26:00,SELL,XSP,641.0,C,2025-07-31,6.0,0.91,546.0,0.25,FILLED,O:XSP250731C00641000
HTML_1667542736542184572,2025-07-31 15:33:00,SELL,XSP,638.0,P,2025-07-31,4.0,0.84,336.0,0.16,FILLED,O:XSP250731P00638000
HTML_6578232190533810669,2025-08-01 13:40:00,BUY,XSP,626.0,C,2025-08-01,3.0,1.9,-568.62,0.12,FILLED,O:XSP250801C00626000
HTML_903427109499287907,2025-08-01 13:40:00,BUY,XSP,628.0,C,2025-08-01,1.0,1.11,-111.54,0.04,FILLED,O:XSP250801C00628000
HTML_7803685578662671179,2025-08-01 13:41:00,BUY,XSP,625.0,P,2025-08-01,1.0,2.06,-205.54,0.04,FILLED,O:XSP250801P00625000
HTML_8766336875499826331,2025-08-01 13:50:00,SELL,XSP,625.0,P,2025-08-01,1.0,3.22,322.0,0.04,FILLED,O:XSP250801P00625000
HTML_3670750193214468496,2025-08-01 14:01:00,SELL,XSP,628.0,C,2025-08-01,1.0,0.43,43.0,0.04,FILLED,O:XSP250801C00628000
HTML_5211276330759027157,2025-08-01 14:01:00,SELL,XSP,626.0,C,2025-08-01,3.0,0.79,237.0,0.12,FILLED,O:XSP250801C00626000
HTML_5602907545167912131,2025-08-04 13:40:00,BUY,XSP,626.0,P,2025-08-04,3.0,0.47,-139.62,0.12,FILLED,O:XSP250804P00626000
HTML_5173613444497942287,2025-08-04 13:40:00,BUY,XSP,630.0,C,2025-08-04,5.0,0.88,-437.71,0.21,FILLED,O:XSP250804C00630000
HTML_8164493971751980105,2025-08-04 13:57:00,SELL,XSP,630.0,C,2025-08-04,5.0,1.53,765.0,0.21,FILLED,O:XSP250804C00630000
HTML_2957044583082716557,2025-08-04 13:57:00,SELL,XSP,626.0,P,2025-08-04,3.0,0.23,69.0,0.12,FILLED,O:XSP250804P00626000
HTML_8444548590680007513,2025-08-05 13:40:00,BUY,XSP,635.0,C,2025-08-05,8.0,0.76,-604.34,0.34,FILLED,O:XSP250805C00635000
HTML_4298115836749908453,2025-08-05 13:41:00,BUY,XSP,633.0,P,2025-08-05,3.0,0.77,-229.62,0.12,FILLED,O:XSP250805P00633000
HTML_4384118288051644945,2025-08-05 13:41:00,BUY,XSP,637.0,C,2025-08-05,1.0,0.2,-19.54,0.04,FILLED,O:XSP250805C00637000
HTML_5547893370503426246,2025-08-05 13:48:00,SELL,XSP,633.0,P,2025-08-05,3.0,3.0,900.0,0.12,FILLED,O:XSP250805P00633000
HTML_3106434885900222849,2025-08-05 14:43:00,SELL,XSP,635.0,C,2025-08-05,0.0,0.05,0.0,0.0,CANCELED,O:XSP250805C00635000
HTML_5532180235128423881,2025-08-05 14:43:00,SELL,XSP,637.0,C,2025-08-05,1.0,0.02,2.0,0.02,FILLED,O:XSP250805C00637000
HTML_2072967377852455575,2025-08-05 14:44:00,SELL,XSP,635.0,C,2025-08-05,6.0,0.04,24.0,0.04,FILLED,O:XSP250805C00635000
HTML_3682013255304536885,2025-08-06 13:40:00,BUY,XSP,627.0,P,2025-08-07,2.0,1.2,-239.08,0.08,FILLED,O:XSP250807P00627000
HTML_2811688492746291210,2025-08-06 13:42:00,BUY,XSP,631.0,C,2025-08-06,6.0,1.04,-627.25,0.25,FILLED,O:XSP250806C00631000
HTML_5015269674948338802,2025-08-06 13:42:00,BUY,XSP,632.0,C,2025-08-06,1.0,0.6,-60.54,0.04,FILLED,O:XSP250806C00632000
HTML_1195393177617609836,2025-08-06 14:04:00,SELL,XSP,631.0,C,2025-08-06,6.0,1.62,972.0,0.25,FILLED,O:XSP250806C00631000
HTML_8969232421981974191,2025-08-06 14:04:00,SELL,XSP,632.0,C,2025-08-06,1.0,1.08,108.0,0.04,FILLED,O:XSP250806C00632000
HTML_8538606880185100710,2025-08-06 14:04:00,SELL,XSP,627.0,P,2025-08-07,2.0,0.68,136.0,0.08,FILLED,O:XSP250807P00627000
HTML_3863523337869102990,2025-08-07 13:40:00,BUY,XSP,639.0,C,2025-08-07,7.0,1.14,-794.8,0.3,FILLED,O:XSP250807C00639000
HTML_4043099635746871428,2025-08-07 13:41:00,BUY,XSP,636.0,P,2025-08-07,7.0,0.47,-332.8,0.3,FILLED,O:XSP250807P00636000
HTML_3620729833063713971,2025-08-07 13:42:00,BUY,XSP,639.0,C,2025-08-07,1.0,0.85,-85.54,0.04,FILLED,O:XSP250807C00639000
HTML_6656671353637992497,2025-08-07 13:56:00,SELL,XSP,636.0,P,2025-08-07,7.0,2.5,1750.0,0.3,FILLED,O:XSP250807P00636000
HTML_6603737277269497074,2025-08-08 13:41:00,BUY,XSP,634.0,P,2025-08-08,8.0,0.58,-468.34,0.34,FILLED,O:XSP250808P00634000
HTML_2509595399535140394,2025-08-08 13:42:00,BUY,XSP,637.0,C,2025-08-08,13.0,0.92,-1190.96,0.91,FILLED,O:XSP250808C00637000
HTML_2661144831737248888,2025-08-08 13:43:00,BUY,XSP,637.0,C,2025-08-08,1.0,0.88,-87.54,0.04,FILLED,O:XSP250808C00637000
HTML_8599452272686878770,2025-08-08 16:03:00,SELL,XSP,637.0,C,2025-08-08,14.0,1.89,2646.0,1.57,FILLED,O:XSP250808C00637000
HTML_3939883227391830273,2025-08-08 16:04:00,SELL,XSP,634.0,P,2025-08-08,8.0,0.1,80.0,0.1,FILLED,O:XSP250808P00634000
HTML_8103762623279295877,2025-08-11 13:40:00,BUY,XSP,640.0,C,2025-08-11,28.0,0.72,-2005.14,0.71,FILLED,O:XSP250811C00640000
HTML_2123203738116424219,2025-08-11 13:41:00,BUY,XSP,637.0,P,2025-08-11,14.0,0.47,-652.57,0.46,FILLED,O:XSP250811P00637000
HTML_5088029461412401336,2025-08-11 13:53:00,BUY,XSP,635.0,P,2025-08-11,1.0,0.17,-17.54,0.04,FILLED,O:XSP250811P00635000
HTML_3660681178112850834,2025-08-11 19:27:00,SELL,XSP,640.0,C,2025-08-11,28.0,0.01,28.0,0.01,FILLED,O:XSP250811C00640000
HTML_4749987508114191423,2025-08-11 19:28:00,SELL,XSP,635.0,P,2025-08-11,1.0,0.01,1.0,0.01,FILLED,O:XSP250811P00635000
HTML_3656000981351156101,2025-08-11 19:31:00,SELL,XSP,637.0,P,2025-08-11,14.0,0.07,98.0,0.07,FILLED,O:XSP250811P00637000
HTML_6095567958972020708,2025-08-12 13:40:00,BUY,XSP,642.0,C,2025-08-12,4.0,0.96,-386.16,0.16,FILLED,O:XSP250812C00642000
HTML_399939950639005888,2025-08-12 13:40:00,BUY,XSP,643.0,C,2025-08-12,1.0,0.48,-48.54,0.04,FILLED,O:XSP250812C00643000
HTML_5584310479426044012,2025-08-12 13:40:00,BUY,XSP,639.0,P,2025-08-12,3.0,0.52,-154.62,0.12,FILLED,O:XSP250812P00639000
HTML_518423603229335012,2025-08-12 13:41:00,BUY,XSP,638.0,P,2025-08-12,1.0,0.34,-33.54,0.04,FILLED,O:XSP250812P00638000
HTML_2811997472732050111,2025-08-12 15:58:00,SELL,XSP,642.0,C,2025-08-12,4.0,1.4,560.0,0.16,FILLED,O:XSP250812C00642000
HTML_5858012581181503432,2025-08-12 15:58:00,SELL,XSP,643.0,C,2025-08-12,1.0,0.72,72.0,0.04,FILLED,O:XSP250812C00643000
HTML_6540856124476414656,2025-08-12 19:09:00,SELL,XSP,639.0,P,2025-08-12,3.0,0.01,3.0,0.01,FILLED,O:XSP250812P00639000
HTML_5813201454225361637,2025-08-12 19:23:00,SELL,XSP,638.0,P,2025-08-12,1.0,0.01,1.0,0.01,FILLED,O:XSP250812P00638000
HTML_378312517417131029,2025-08-13 13:41:00,BUY,XSP,648.0,C,2025-08-13,3.0,0.54,-160.62,0.12,FILLED,O:XSP250813C00648000
HTML_7309987646493659222,2025-08-13 13:41:00,BUY,XSP,647.0,P,2025-08-13,6.0,0.91,-543.25,0.25,FILLED,O:XSP250813P00647000
HTML_4560742198678914568,2025-08-13 13:43:00,BUY,XSP,649.0,C,2025-08-13,1.0,0.23,-22.54,0.04,FILLED,O:XSP250813C00649000
HTML_2637153613826241621,2025-08-13 13:55:00,SELL,XSP,649.0,C,2025-08-13,1.0,0.24,24.0,0.04,FILLED,O:XSP250813C00649000
HTML_8176521742227644198,2025-08-13 13:56:00,SELL,XSP,648.0,C,2025-08-13,3.0,0.58,175.0,0.12,FILLED,O:XSP250813C00648000
HTML_1925620137504040345,2025-08-13 14:31:00,SELL,XSP,647.0,P,2025-08-13,6.0,1.45,870.0,0.25,FILLED,O:XSP250813P00647000
HTML_7198052586212137079,2025-08-14 13:40:00,BUY,XSP,644.0,C,2025-08-14,4.0,1.8,-722.16,0.16,FILLED,O:XSP250814C00644000
HTML_976361064837226484,2025-08-14 13:41:00,BUY,XSP,643.0,P,2025-08-14,5.0,0.6,-302.71,0.21,FILLED,O:XSP250814P00643000
HTML_4545587152684756725,2025-08-14 13:43:00,BUY,XSP,647.0,C,2025-08-14,1.0,0.41,-40.54,0.04,FILLED,O:XSP250814C00647000
HTML_953906793883849902,2025-08-14 13:44:00,SELL,XSP,644.0,C,2025-08-14,4.0,2.8,1120.0,0.16,FILLED,O:XSP250814C00644000
HTML_5613914976384820229,2025-08-14 14:34:00,SELL,XSP,643.0,P,2025-08-14,5.0,0.19,95.0,0.19,FILLED,O:XSP250814P00643000
HTML_9161746738786930581,2025-08-14 14:36:00,SELL,XSP,647.0,C,2025-08-14,1.0,0.6,60.0,0.04,FILLED,O:XSP250814C00647000
HTML_6248256190592217044,2025-08-15 13:41:00,BUY,XSP,646.0,P,2025-08-15,11.0,0.82,-897.73,0.81,FILLED,O:XSP250815P00646000
HTML_1837447828021974202,2025-08-15 13:41:00,BUY,XSP,645.0,P,2025-08-15,1.0,0.55,-54.54,0.04,FILLED,O:XSP250815P00645000
HTML_2996342139273552123,2025-08-15 13:42:00,BUY,XSP,649.0,C,2025-08-15,9.0,0.34,-301.88,0.33,FILLED,O:XSP250815C00649000
HTML_5066451205233272798,2025-08-15 13:59:00,SELL,XSP,646.0,P,2025-08-15,11.0,1.38,1518.0,1.23,FILLED,O:XSP250815P00646000
HTML_2982383133609971227,2025-08-15 13:59:00,SELL,XSP,645.0,P,2025-08-15,1.0,0.95,95.0,0.04,FILLED,O:XSP250815P00645000
HTML_6730930432784143406,2025-08-15 14:00:00,SELL,XSP,649.0,C,2025-08-15,9.0,0.1,90.0,0.1,FILLED,O:XSP250815C00649000
HTML_955032805774316140,2025-08-15 14:05:00,BUY,XSP,645.0,P,2025-08-15,2.0,0.72,-145.08,0.08,FILLED,O:XSP250815P00645000
HTML_6212598383822893292,2025-08-15 14:06:00,BUY,XSP,647.0,C,2025-08-15,2.0,0.57,-115.08,0.08,FILLED,O:XSP250815C00647000
HTML_488860677071549827,2025-08-15 16:49:00,SELL,XSP,645.0,P,2025-08-15,2.0,0.44,88.0,0.08,FILLED,O:XSP250815P00645000
HTML_2603104250316584566,2025-08-15 16:50:00,SELL,XSP,647.0,C,2025-08-15,2.0,0.17,34.0,0.08,FILLED,O:XSP250815C00647000
HTML_3073193746607136157,2025-08-18 13:41:00,BUY,XSP,645.0,C,2025-08-18,20.0,0.9,-1792.24,0.89,FILLED,O:XSP250818C00645000
HTML_4387259524077365057,2025-08-18 13:42:00,BUY,XSP,643.0,P,2025-08-18,14.0,0.48,-666.57,0.47,FILLED,O:XSP250818P00643000
HTML_1879302243517968000,2025-08-18 19:15:00,SELL,XSP,645.0,C,2025-08-18,20.0,0.16,320.0,0.16,FILLED,O:XSP250818C00645000
HTML_3363169324092929570,2025-08-18 19:15:00,SELL,XSP,643.0,P,2025-08-18,14.0,0.01,14.0,0.01,FILLED,O:XSP250818P00643000
HTML_5342683493782043401,2025-08-19 13:41:00,BUY,XSP,645.0,C,2025-08-19,7.0,0.66,-458.8,0.3,FILLED,O:XSP250819C00645000
HTML_4099317360278082542,2025-08-19 13:43:00,BUY,XSP,643.0,P,2025-08-19,4.0,0.34,-138.16,0.16,FILLED,O:XSP250819P00643000
HTML_1508962605496521854,2025-08-19 13:44:00,BUY,XSP,642.0,P,2025-08-19,1.0,0.2,-19.54,0.04,FILLED,O:XSP250819P00642000
HTML_4494028769849577401,2025-08-19 13:48:00,SELL,XSP,645.0,C,2025-08-19,7.0,0.41,287.0,0.3,FILLED,O:XSP250819C00645000
HTML_5714330707516212694,2025-08-19 13:53:00,SELL,XSP,642.0,P,2025-08-19,1.0,0.17,17.0,0.04,FILLED,O:XSP250819P00642000
HTML_7811682468844005461,2025-08-19 14:08:00,SELL,XSP,643.0,P,2025-08-19,4.0,0.16,64.0,0.16,FILLED,O:XSP250819P00643000
HTML_4253296946640617004,2025-08-20 13:39:00,BUY,XSP,642.0,C,2025-08-20,2.0,0.46,-91.08,0.08,FILLED,O:XSP250820C00642000
HTML_2079383749339799585,2025-08-20 13:39:00,BUY,XSP,639.0,P,2025-08-20,3.0,0.8,-238.62,0.12,FILLED,O:XSP250820P00639000
HTML_1436021783065698441,2025-08-20 13:40:00,BUY,XSP,637.0,P,2025-08-20,1.0,0.33,-32.54,0.04,FILLED,O:XSP250820P00637000
HTML_7264220915148880523,2025-08-20 18:03:00,SELL,XSP,639.0,P,2025-08-20,3.0,1.55,465.0,0.12,FILLED,O:XSP250820P00639000
HTML_8147491089248411536,2025-08-20 18:03:00,SELL,XSP,637.0,P,2025-08-20,1.0,0.63,63.0,0.04,FILLED,O:XSP250820P00637000
HTML_663398647267183706,2025-08-20 18:03:00,SELL,XSP,642.0,C,2025-08-20,2.0,0.01,2.0,0.01,FILLED,O:XSP250820C00642000
HTML_2719974080510327489,2025-08-21 13:44:00,BUY,XSP,639.0,C,2025-08-21,2.0,0.73,-147.08,0.08,FILLED,O:XSP250821C00639000
HTML_5296369940194863960,2025-08-21 13:46:00,BUY,XSP,635.0,P,2025-08-21,3.0,1.04,-313.62,0.12,FILLED,O:XSP250821P00635000
HTML_6907604502722996301,2025-08-21 13:47:00,BUY,XSP,638.0,C,2025-08-21,1.0,0.7,-70.54,0.04,FILLED,O:XSP250821C00638000
HTML_2498610566316988195,2025-08-21 17:59:00,SELL,XSP,635.0,P,2025-08-21,3.0,0.12,36.0,0.12,FILLED,O:XSP250821P00635000
HTML_5853260962892413050,2025-08-21 18:00:00,SELL,XSP,638.0,C,2025-08-21,1.0,0.39,39.0,0.04,FILLED,O:XSP250821C00638000
HTML_8457596992022771759,2025-08-21 18:00:00,SELL,XSP,639.0,C,2025-08-21,2.0,0.15,30.0,0.08,FILLED,O:XSP250821C00639000
HTML_4066906434619223810,2025-08-22 14:46:00,BUY,XSP,646.0,P,2025-08-22,1.0,0.8,-79.54,0.04,FILLED,O:XSP250822P00646000
HTML_7504070040146161814,2025-08-22 14:50:00,BUY,XSP,647.0,P,2025-08-22,1.0,1.11,-111.54,0.04,FILLED,O:XSP250822P00647000
HTML_3543538602081000574,2025-08-22 14:51:00,BUY,XSP,650.0,C,2025-08-22,1.0,0.15,-15.54,0.04,FILLED,O:XSP250822C00650000
HTML_6223422363158824828,2025-08-22 16:17:00,SELL,XSP,650.0,C,2025-08-22,1.0,0.04,4.0,0.04,FILLED,O:XSP250822C00650000
HTML_5211994395457791376,2025-08-22 16:29:00,SELL,XSP,647.0,P,2025-08-22,1.0,1.26,126.0,0.04,FILLED,O:XSP250822P00647000
HTML_3064516205989877976,2025-08-22 16:31:00,SELL,XSP,646.0,P,2025-08-22,1.0,0.61,61.0,0.04,FILLED,O:XSP250822P00646000
HTML_1347077656331465081,2025-08-25 13:39:00,BUY,XSP,645.0,P,2025-08-25,1.0,0.74,-74.54,0.04,FILLED,O:XSP250825P00645000
HTML_3471020144315316904,2025-08-25 13:40:00,BUY,XSP,644.0,P,2025-08-25,1.0,0.48,-48.54,0.04,FILLED,O:XSP250825P00644000
HTML_5586826345063424994,2025-08-25 13:40:00,BUY,XSP,647.0,C,2025-08-25,1.0,0.32,-31.54,0.04,FILLED,O:XSP250825C00647000
HTML_1603490578968387098,2025-08-25 13:41:00,BUY,XSP,648.0,C,2025-08-25,1.0,0.15,-15.54,0.04,FILLED,O:XSP250825C00648000
HTML_6974288880860722654,2025-08-25 13:41:00,BUY,XSP,642.0,P,2025-08-25,1.0,0.18,-18.54,0.04,FILLED,O:XSP250825P00642000
HTML_8923734510220984956,2025-08-25 13:43:00,SELL,XSP,647.0,C,2025-08-25,1.0,0.17,17.0,0.04,FILLED,O:XSP250825C00647000
HTML_6672833945907889061,2025-08-25 13:44:00,SELL,XSP,642.0,P,2025-08-25,1.0,0.09,9.0,0.04,FILLED,O:XSP250825P00642000
HTML_3209170138607030069,2025-08-25 13:44:00,SELL,XSP,645.0,P,2025-08-25,1.0,0.49,49.0,0.04,FILLED,O:XSP250825P00645000
HTML_972296858566880141,2025-08-25 13:45:00,SELL,XSP,644.0,P,2025-08-25,1.0,0.24,24.0,0.04,FILLED,O:XSP250825P00644000
HTML_322087307165148189,2025-08-25 17:45:00,SELL,XSP,648.0,C,2025-08-25,1.0,0.01,1.0,0.01,FILLED,O:XSP250825C00648000
HTML_4056953432342660770,2025-08-26 13:37:00,BUY,XSP,642.0,P,2025-08-26,12.0,0.48,-571.35,0.47,FILLED,O:XSP250826P00642000
HTML_8473276611171077918,2025-08-26 13:37:00,BUY,XSP,645.0,C,2025-08-26,4.0,0.36,-146.16,0.16,FILLED,O:XSP250826C00645000
HTML_5121241014508730436,2025-08-26 13:40:00,BUY,XSP,646.0,C,2025-08-26,1.0,0.17,-17.54,0.04,FILLED,O:XSP250826C00646000
HTML_4108898544361215123,2025-08-26 16:41:00,SELL,XSP,642.0,P,2025-08-26,0.0,0.06,0.0,0.0,CANCELED,O:XSP250826P00642000
HTML_8210694245605664818,2025-08-26 16:42:00,SELL,XSP,645.0,C,2025-08-26,4.0,0.39,156.0,0.16,FILLED,O:XSP250826C00645000
HTML_3137565435302802939,2025-08-26 16:42:00,SELL,XSP,646.0,C,2025-08-26,1.0,0.09,9.0,0.04,FILLED,O:XSP250826C00646000
HTML_1821902285350084019,2025-08-26 18:34:00,SELL,XSP,642.0,P,2025-08-26,8.0,0.02,16.0,0.02,FILLED,O:XSP250826P00642000
HTML_2649796266358020736,2025-08-27 13:40:00,BUY,XSP,646.0,P,2025-08-27,3.0,0.59,-178.62,0.12,FILLED,O:XSP250827P00646000
HTML_5675174101014102691,2025-08-27 13:40:00,BUY,XSP,648.0,C,2025-08-27,1.0,0.3,-30.54,0.04,FILLED,O:XSP250827C00648000
HTML_641155771140143359,2025-08-27 15:38:00,SELL,XSP,648.0,C,2025-08-27,1.0,0.38,38.0,0.04,FILLED,O:XSP250827C00648000
HTML_928954127587289893,2025-08-27 16:08:00,SELL,XSP,646.0,P,2025-08-27,3.0,0.09,27.0,0.09,FILLED,O:XSP250827P00646000
HTML_1684000158257900826,2025-08-28 13:39:00,BUY,XSP,646.0,P,2025-08-28,2.0,0.29,-59.08,0.08,FILLED,O:XSP250828P00646000
HTML_1933791651484701927,2025-08-28 13:43:00,SELL,XSP,646.0,P,2025-08-28,2.0,0.9,180.0,0.08,FILLED,O:XSP250828P00646000
HTML_4509931288992211962,2025-08-29 13:43:00,BUY,XSP,646.0,P,2025-08-29,3.0,0.43,-130.62,0.12,FILLED,O:XSP250829P00646000
HTML_6928715522683483123,2025-08-29 13:43:00,BUY,XSP,650.0,C,2025-08-29,1.0,0.41,-40.54,0.04,FILLED,O:XSP250829C00650000
HTML_8740316583503757348,2025-08-29 13:57:00,SELL,XSP,646.0,P,2025-08-29,3.0,0.96,288.0,0.12,FILLED,O:XSP250829P00646000
HTML_8759475747837605399,2025-08-29 13:58:00,SELL,XSP,650.0,C,2025-08-29,1.0,0.22,22.0,0.04,FILLED,O:XSP250829C00650000
HTML_178615619685092146,2025-09-02 13:40:00,BUY,XSP,636.0,P,2025-09-02,2.0,0.98,-197.08,0.08,FILLED,O:XSP250902P00636000
HTML_1137560727594079664,2025-09-02 13:41:00,BUY,XSP,640.0,C,2025-09-02,1.0,0.8,-79.54,0.04,FILLED,O:XSP250902C00640000
HTML_5759747877344657012,2025-09-02 13:41:00,BUY,XSP,640.0,C,2025-09-02,1.0,0.0,-0.8,0.8,FILLED,O:XSP250902C00640000
HTML_866538330937920674,2025-09-02 13:52:00,SELL,XSP,640.0,C,2025-09-02,1.0,1.43,143.0,0.04,FILLED,O:XSP250902C00640000
HTML_8323487330062432482,2025-09-02 14:52:00,SELL,XSP,636.0,P,2025-09-02,1.0,0.39,39.0,0.04,FILLED,O:XSP250902P00636000
HTML_2994491280526767189,2025-09-02 14:52:00,SELL,XSP,636.0,P,2025-09-02,1.0,0.41,41.0,0.04,FILLED,O:XSP250902P00636000
HTML_434779649164655896,2025-09-03 13:40:00,BUY,XSP,644.0,P,2025-09-03,2.0,1.06,-213.08,0.08,FILLED,O:XSP250903P00644000
HTML_7619305555026290758,2025-09-03 13:40:00,BUY,XSP,647.0,C,2025-09-03,1.0,0.14,-13.54,0.04,FILLED,O:XSP250903C00647000
HTML_884346053821698521,2025-09-03 13:44:00,BUY,XSP,646.0,C,2025-09-03,2.0,0.34,-69.08,0.08,FILLED,O:XSP250903C00646000
HTML_7629345842645827652,2025-09-03 14:12:00,SELL,XSP,647.0,C,2025-09-03,1.0,0.04,4.0,0.04,FILLED,O:XSP250903C00647000
HTML_8591539761883812203,2025-09-03 14:12:00,SELL,XSP,646.0,C,2025-09-03,2.0,0.11,22.0,0.08,FILLED,O:XSP250903C00646000
HTML_1770178760939756188,2025-09-03 14:13:00,SELL,XSP,644.0,P,2025-09-03,2.0,1.6,320.0,0.08,FILLED,O:XSP250903P00644000
HTML_59619193354063833,2025-09-04 13:35:00,BUY,XSP,645.0,P,2025-09-04,4.0,0.65,-258.16,0.16,FILLED,O:XSP250904P00645000
HTML_5453833462845467211,2025-09-04 13:40:00,SELL,XSP,645.0,P,2025-09-04,4.0,0.68,272.0,0.16,FILLED,O:XSP250904P00645000
HTML_2179057984633216508,2025-09-04 13:41:00,BUY,XSP,648.0,C,2025-09-04,2.0,0.3,-61.08,0.08,FILLED,O:XSP250904C00648000
HTML_6797623344615738112,2025-09-04 13:41:00,BUY,XSP,644.0,P,2025-09-04,1.0,0.48,-48.54,0.04,FILLED,O:XSP250904P00644000
HTML_5047365073183162579,2025-09-04 13:45:00,SELL,XSP,648.0,C,2025-09-04,2.0,0.3,60.0,0.08,FILLED,O:XSP250904C00648000
HTML_1331765735141494130,2025-09-04 14:15:00,SELL,XSP,644.0,P,2025-09-04,1.0,0.7,70.0,0.04,FILLED,O:XSP250904P00644000
HTML_1710026388842403559,2025-09-05 13:46:00,BUY,XSP,651.0,P,2025-09-05,5.0,0.69,-342.71,0.21,FILLED,O:XSP250905P00651000
HTML_6398296975650233536,2025-09-05 13:46:00,BUY,XSP,653.0,C,2025-09-05,1.0,0.97,-97.54,0.04,FILLED,O:XSP250905C00653000
HTML_6719680803106697935,2025-09-05 13:47:00,BUY,XSP,655.0,C,2025-09-05,1.0,0.27,-26.54,0.04,FILLED,O:XSP250905C00655000
HTML_2894053270515948754,2025-09-05 13:50:00,SELL,XSP,653.0,C,2025-09-05,1.0,1.06,106.0,0.04,FILLED,O:XSP250905C00653000
HTML_1206609503687573846,2025-09-05 13:50:00,SELL,XSP,655.0,C,2025-09-05,1.0,0.32,32.0,0.04,FILLED,O:XSP250905C00655000
HTML_8181802472613726073,2025-09-05 13:53:00,SELL,XSP,651.0,P,2025-09-05,5.0,0.82,410.0,0.21,FILLED,O:XSP250905P00651000
HTML_854594774761291327,2025-09-08 13:41:00,BUY,XSP,648.0,P,2025-09-08,9.0,0.46,-409.88,0.38,FILLED,O:XSP250908P00648000
HTML_8935179223886846767,2025-09-08 13:42:00,BUY,XSP,651.0,C,2025-09-08,3.0,0.4,-118.62,0.12,FILLED,O:XSP250908C00651000
HTML_6626904065002682261,2025-09-08 14:22:00,SELL,XSP,648.0,P,2025-09-08,9.0,0.44,396.0,0.38,FILLED,O:XSP250908P00648000
HTML_9201146657285512594,2025-09-08 14:27:00,SELL,XSP,651.0,C,2025-09-08,3.0,0.27,81.0,0.12,FILLED,O:XSP250908C00651000
HTML_8255071859202818210,2025-09-09 13:39:00,BUY,XSP,649.0,P,2025-09-09,6.0,0.59,-357.25,0.25,FILLED,O:XSP250909P00649000
HTML_1123831271338476155,2025-09-09 13:45:00,BUY,XSP,652.0,C,2025-09-09,4.0,0.29,-118.16,0.16,FILLED,O:XSP250909C00652000
HTML_4376763820812700160,2025-09-09 13:46:00,SELL,XSP,649.0,P,2025-09-09,6.0,0.67,402.0,0.25,FILLED,O:XSP250909P00649000
HTML_6606819524610346483,2025-09-09 13:55:00,BUY,XSP,653.0,C,2025-09-09,2.0,0.09,-17.08,0.08,FILLED,O:XSP250909C00653000
HTML_475378994021565924,2025-09-09 14:00:00,SELL,XSP,652.0,C,2025-09-09,4.0,0.33,132.0,0.16,FILLED,O:XSP250909C00652000
HTML_1102846783280197671,2025-09-09 14:00:00,SELL,XSP,653.0,C,2025-09-09,2.0,0.12,24.0,0.08,FILLED,O:XSP250909C00653000
HTML_9106039273859252806,2025-09-10 13:42:00,BUY,XSP,656.0,C,2025-09-10,2.0,0.26,-51.08,0.08,FILLED,O:XSP250910C00656000
HTML_6364223306337487229,2025-09-10 13:45:00,BUY,XSP,653.0,P,2025-09-10,7.0,0.56,-395.8,0.3,FILLED,O:XSP250910P00653000
HTML_6066993249834654390,2025-09-10 13:46:00,BUY,XSP,655.0,C,2025-09-10,1.0,0.68,-67.54,0.04,FILLED,O:XSP250910C00655000
HTML_5425845980239801153,2025-09-10 13:47:00,BUY,XSP,656.0,C,2025-09-10,1.0,0.32,-31.54,0.04,FILLED,O:XSP250910C00656000
HTML_2252391081109153558,2025-09-10 13:49:00,SELL,XSP,656.0,C,2025-09-10,3.0,0.36,108.0,0.12,FILLED,O:XSP250910C00656000
HTML_3430931673227010473,2025-09-10 13:50:00,SELL,XSP,655.0,C,2025-09-10,1.0,0.75,75.0,0.04,FILLED,O:XSP250910C00655000
HTML_1929915631733862768,2025-09-10 15:18:00,SELL,XSP,653.0,P,2025-09-10,7.0,0.56,392.0,0.3,FILLED,O:XSP250910P00653000
HTML_3633452182638834033,2025-09-11 13:46:00,BUY,XSP,656.0,C,2025-09-11,3.0,0.68,-202.62,0.12,FILLED,O:XSP250911C00656000
HTML_7469572182307373268,2025-09-11 13:50:00,SELL,XSP,656.0,C,2025-09-11,3.0,0.76,228.0,0.12,FILLED,O:XSP250911C00656000
HTML_3050020556002460413,2025-09-11 13:52:00,BUY,XSP,654.0,P,2025-09-11,6.0,0.57,-345.25,0.25,FILLED,O:XSP250911P00654000
HTML_7345955728238434246,2025-09-11 14:01:00,BUY,XSP,654.0,P,2025-09-11,4.0,0.4,-158.16,0.16,FILLED,O:XSP250911P00654000
HTML_9221693452282843074,2025-09-11 16:23:00,SELL,XSP,654.0,P,2025-09-11,10.0,0.1,100.0,0.1,FILLED,O:XSP250911P00654000
HTML_4113372038580067284,2025-09-12 13:45:00,BUY,XSP,660.0,C,2025-09-12,5.0,0.23,-112.71,0.21,FILLED,O:XSP250912C00660000
HTML_4506660684055462684,2025-09-12 13:45:00,BUY,XSP,657.0,P,2025-09-12,7.0,0.47,-332.8,0.3,FILLED,O:XSP250912P00657000
HTML_2994863783738663775,2025-09-12 13:46:00,BUY,XSP,657.0,P,2025-09-12,1.0,0.35,-35.54,0.04,FILLED,O:XSP250912P00657000
HTML_8612198650715732780,2025-09-12 15:47:00,SELL,XSP,657.0,P,2025-09-12,7.0,0.24,168.0,0.24,FILLED,O:XSP250912P00657000
HTML_45028221477225030,2025-09-12 15:47:00,SELL,XSP,660.0,C,2025-09-12,5.0,0.08,40.0,0.08,FILLED,O:XSP250912C00660000
HTML_3913956322629241303,2025-09-12 15:49:00,SELL,XSP,657.0,P,2025-09-12,1.0,0.22,22.0,0.04,FILLED,O:XSP250912P00657000
HTML_3363478315878744720,2025-09-15 13:42:00,BUY,XSP,662.0,C,2025-09-15,5.0,0.3,-152.71,0.21,FILLED,O:XSP250915C00662000
HTML_3510192718777703467,2025-09-15 13:43:00,BUY,XSP,659.0,P,2025-09-15,1.0,0.28,-27.54,0.04,FILLED,O:XSP250915P00659000
HTML_6635684667254297945,2025-09-15 14:29:00,SELL,XSP,662.0,C,2025-09-15,5.0,0.43,215.0,0.21,FILLED,O:XSP250915C00662000
HTML_7541231702976463362,2025-09-15 14:29:00,SELL,XSP,659.0,P,2025-09-15,1.0,0.18,18.0,0.04,FILLED,O:XSP250915P00659000
HTML_543788984025281946,2025-09-16 13:42:00,BUY,XSP,661.0,P,2025-09-16,3.0,0.68,-202.62,0.12,FILLED,O:XSP250916P00661000
HTML_5363010719371025010,2025-09-16 13:43:00,BUY,XSP,663.0,C,2025-09-16,1.0,0.28,-27.54,0.04,FILLED,O:XSP250916C00663000
HTML_7859312328658704299,2025-09-16 13:53:00,SELL,XSP,661.0,P,2025-09-16,3.0,0.97,291.0,0.12,FILLED,O:XSP250916P00661000
HTML_9199501652875154268,2025-09-16 13:53:00,SELL,XSP,663.0,C,2025-09-16,1.0,0.2,20.0,0.04,FILLED,O:XSP250916C00663000
HTML_6729520679834508889,2025-09-17 17:50:00,BUY,XSP,661.0,C,2025-09-18,1.0,2.6,-260.54,0.04,FILLED,O:XSP250918C00661000
HTML_4547491330813525336,2025-09-17 18:01:00,SELL,XSP,661.0,C,2025-09-18,1.0,2.86,286.0,0.04,FILLED,O:XSP250918C00661000
HTML_1106528156389653107,2025-09-17 18:10:00,BUY,XSP,664.0,C,2025-09-17,1.0,0.69,-68.54,0.04,FILLED,O:XSP250917C00664000
HTML_5798534731770549832,2025-09-17 18:53:00,SELL,XSP,664.0,C,2025-09-17,1.0,0.05,5.0,0.04,FILLED,O:XSP250917C00664000
HTML_2659698591606919160,2025-09-18 13:42:00,BUY,XSP,663.0,C,2025-09-18,1.0,0.94,-94.54,0.04,FILLED,O:XSP250918C00663000
HTML_8864248823946896920,2025-09-18 13:42:00,BUY,XSP,660.0,P,2025-09-18,1.0,0.78,-77.54,0.04,FILLED,O:XSP250918P00660000
HTML_8376196592135685648,2025-09-18 13:43:00,BUY,XSP,663.0,C,2025-09-18,2.0,0.89,-177.08,0.08,FILLED,O:XSP250918C00663000
HTML_1015295967183633991,2025-09-18 13:48:00,SELL,XSP,660.0,P,2025-09-18,1.0,0.82,82.0,0.04,FILLED,O:XSP250918P00660000
HTML_4710708051704585293,2025-09-18 13:51:00,SELL,XSP,663.0,C,2025-09-18,3.0,1.26,378.0,0.12,FILLED,O:XSP250918C00663000
HTML_4336123469600176699,2025-09-19 13:40:00,BUY,XSP,663.0,P,2025-09-19,2.0,0.65,-129.08,0.08,FILLED,O:XSP250919P00663000
HTML_2520342602271201542,2025-09-19 13:42:00,BUY,XSP,666.0,C,2025-09-19,7.0,0.55,-381.8,0.3,FILLED,O:XSP250919C00666000
HTML_2460023389876030735,2025-09-19 13:45:00,SELL,XSP,663.0,P,2025-09-19,2.0,0.69,138.0,0.08,FILLED,O:XSP250919P00663000
HTML_3417508677126521702,2025-09-19 15:23:00,SELL,XSP,666.0,C,2025-09-19,7.0,0.07,49.0,0.07,FILLED,O:XSP250919C00666000
HTML_7392675666613001848,2025-09-22 13:42:00,BUY,XSP,664.0,P,2025-09-22,3.0,0.47,-139.62,0.12,FILLED,O:XSP250922P00664000
HTML_8153383233977657500,2025-09-22 13:45:00,BUY,XSP,667.0,C,2025-09-22,2.0,0.2,-39.08,0.08,FILLED,O:XSP250922C00667000
HTML_5593565820371966893,2025-09-22 13:49:00,SELL,XSP,664.0,P,2025-09-22,3.0,0.32,96.0,0.12,FILLED,O:XSP250922P00664000
HTML_1825619470331747325,2025-09-22 13:54:00,SELL,XSP,667.0,C,2025-09-22,2.0,0.28,56.0,0.08,FILLED,O:XSP250922C00667000
HTML_2867726779882510865,2025-09-23 13:42:00,BUY,XSP,671.0,C,2025-09-23,3.0,0.34,-100.62,0.12,FILLED,O:XSP250923C00671000
HTML_6045639903433417772,2025-09-23 13:43:00,BUY,XSP,669.0,P,2025-09-23,3.0,0.73,-220.62,0.12,FILLED,O:XSP250923P00669000
HTML_2180481248923630640,2025-09-23 13:45:00,BUY,XSP,668.0,P,2025-09-23,1.0,0.41,-40.54,0.04,FILLED,O:XSP250923P00668000
HTML_8357841320454197045,2025-09-23 14:12:00,SELL,XSP,669.0,P,2025-09-23,3.0,1.68,504.0,0.12,FILLED,O:XSP250923P00669000
HTML_2962712043096876447,2025-09-23 16:40:00,SELL,XSP,668.0,P,2025-09-23,1.0,0.79,79.0,0.04,FILLED,O:XSP250923P00668000
HTML_6574076059532232522,2025-09-23 17:32:00,SELL,XSP,671.0,C,2025-09-23,3.0,0.01,3.0,0.01,FILLED,O:XSP250923C00671000
HTML_8714126890143099224,2025-09-24 13:41:00,BUY,XSP,665.0,P,2025-09-24,3.0,0.57,-172.62,0.12,FILLED,O:XSP250924P00665000
HTML_5645168707571586813,2025-09-24 13:43:00,BUY,XSP,667.0,C,2025-09-24,5.0,0.73,-367.71,0.21,FILLED,O:XSP250924C00667000
HTML_2878295928643840214,2025-09-24 13:46:00,SELL,XSP,665.0,P,2025-09-24,3.0,0.64,192.0,0.12,FILLED,O:XSP250924P00665000
HTML_7440126779583792530,2025-09-24 13:50:00,BUY,XSP,668.0,C,2025-09-24,2.0,0.2,-41.08,0.08,FILLED,O:XSP250924C00668000
HTML_2896949578789472979,2025-09-25 13:45:00,BUY,XSP,660.0,C,2025-09-25,1.0,0.82,-82.54,0.04,FILLED,O:XSP250925C00660000
HTML_268069856202336151,2025-09-25 13:50:00,SELL,XSP,660.0,C,2025-09-25,1.0,1.12,112.0,0.04,FILLED,O:XSP250925C00660000
HTML_2686572276462801897,2025-09-26 13:41:00,BUY,XSP,660.0,P,2025-09-26,2.0,0.43,-87.08,0.08,FILLED,O:XSP250926P00660000
HTML_6299608948647365373,2025-09-26 13:51:00,BUY,XSP,662.0,P,2025-09-26,2.0,0.73,-147.08,0.08,FILLED,O:XSP250926P00662000
HTML_149783471022934596,2025-09-26 14:12:00,SELL,XSP,662.0,P,2025-09-26,2.0,1.32,264.0,0.08,FILLED,O:XSP250926P00662000
HTML_1028872660479811375,2025-09-26 14:12:00,SELL,XSP,660.0,P,2025-09-26,2.0,0.62,124.0,0.08,FILLED,O:XSP250926P00660000
HTML_976868319041559538,2025-09-29 13:43:00,BUY,XSP,666.0,P,2025-09-29,5.0,0.73,-367.71,0.21,FILLED,O:XSP250929P00666000
HTML_4027660419788342297,2025-09-29 13:46:00,BUY,XSP,669.0,C,2025-09-29,3.0,0.29,-88.62,0.12,FILLED,O:XSP250929C00669000
HTML_7982475751920532332,2025-09-29 15:52:00,SELL,XSP,666.0,P,2025-09-29,5.0,0.97,485.0,0.21,FILLED,O:XSP250929P00666000
HTML_1988930933555516762,2025-09-29 15:53:00,SELL,XSP,669.0,C,2025-09-29,3.0,0.02,6.0,0.02,FILLED,O:XSP250929C00669000
HTML_5413344777644106308,2025-09-30 13:42:00,BUY,XSP,664.0,P,2025-09-30,2.0,0.82,-165.08,0.08,FILLED,O:XSP250930P00664000
HTML_6444064320940614512,2025-09-30 13:43:00,BUY,XSP,666.0,C,2025-09-30,2.0,0.8,-159.08,0.08,FILLED,O:XSP250930C00666000
HTML_6580945397233359614,2025-09-30 13:44:00,BUY,XSP,664.0,P,2025-09-30,2.0,0.68,-135.08,0.08,FILLED,O:XSP250930P00664000
HTML_5689389749365081189,2025-09-30 13:46:00,BUY,XSP,664.0,P,2025-09-30,2.0,0.67,-133.08,0.08,FILLED,O:XSP250930P00664000
HTML_2599717134011411841,2025-09-30 13:48:00,BUY,XSP,668.0,C,2025-09-30,1.0,0.28,-27.54,0.04,FILLED,O:XSP250930C00668000
HTML_7597921244034595125,2025-09-30 13:54:00,SELL,XSP,664.0,P,2025-09-30,6.0,0.97,582.0,0.25,FILLED,O:XSP250930P00664000
HTML_732274046076438587,2025-09-30 13:56:00,SELL,XSP,666.0,C,2025-09-30,2.0,0.72,144.0,0.08,FILLED,O:XSP250930C00666000
HTML_8925464887710025447,2025-09-30 13:56:00,SELL,XSP,668.0,C,2025-09-30,1.0,0.21,21.0,0.04,FILLED,O:XSP250930C00668000
HTML_5748751410469435948,2025-10-01 13:40:00,BUY,XSP,667.0,P,2025-10-01,7.0,0.96,-675.8,0.3,FILLED,O:XSP251001P00667000
HTML_4270371896407582477,2025-10-01 13:46:00,SELL,XSP,667.0,P,2025-10-01,7.0,1.12,784.0,0.3,FILLED,O:XSP251001P00667000
HTML_6001079716675288934,2025-10-01 13:51:00,BUY,XSP,669.0,C,2025-10-01,2.0,0.28,-55.08,0.08,FILLED,O:XSP251001C00669000
HTML_6995190289925345121,2025-10-01 13:56:00,SELL,XSP,669.0,C,2025-10-01,2.0,0.3,60.0,0.08,FILLED,O:XSP251001C00669000
HTML_6278936196020402697,2025-10-02 13:42:00,BUY,XSP,673.0,C,2025-10-02,5.0,0.55,-272.71,0.21,FILLED,O:XSP251002C00673000
HTML_5976463716024896333,2025-10-02 13:45:00,BUY,XSP,671.0,P,2025-10-02,7.0,0.71,-500.8,0.3,FILLED,O:XSP251002P00671000
HTML_3712044866258821494,2025-10-02 13:46:00,BUY,XSP,671.0,P,2025-10-02,2.0,0.64,-127.08,0.08,FILLED,O:XSP251002P00671000
HTML_8733911798031734435,2025-10-02 13:47:00,BUY,XSP,673.0,C,2025-10-02,2.0,0.57,-115.08,0.08,FILLED,O:XSP251002C00673000
HTML_7443538048103866958,2025-10-02 14:29:00,BUY,XSP,670.0,P,2025-10-02,1.0,0.54,-53.54,0.04,FILLED,O:XSP251002P00670000
HTML_8163338020327847986,2025-10-02 14:46:00,SELL,XSP,671.0,P,2025-10-02,9.0,1.16,1044.0,0.38,FILLED,O:XSP251002P00671000
HTML_3447104882816932670,2025-10-02 14:46:00,SELL,XSP,670.0,P,2025-10-02,1.0,0.78,78.0,0.04,FILLED,O:XSP251002P00670000
HTML_7564839967228035333,2025-10-02 14:46:00,SELL,XSP,673.0,C,2025-10-02,7.0,0.12,84.0,0.12,FILLED,O:XSP251002C00673000
HTML_3511978612301897595,2025-10-03 13:36:00,BUY,XSP,673.0,P,2025-10-03,15.0,1.05,-1569.18,1.04,FILLED,O:XSP251003P00673000
HTML_6452404817743458087,2025-10-03 13:37:00,BUY,XSP,672.0,P,2025-10-03,3.0,0.68,-202.62,0.12,FILLED,O:XSP251003P00672000
HTML_8084819719216513753,2025-10-03 14:01:00,SELL,XSP,673.0,P,2025-10-03,15.0,1.15,1725.0,1.15,FILLED,O:XSP251003P00673000
HTML_1119178343137025572,2025-10-03 14:01:00,SELL,XSP,672.0,P,2025-10-03,3.0,0.79,237.0,0.12,FILLED,O:XSP251003P00672000
HTML_3331748645332008006,2025-10-06 13:44:00,BUY,XSP,672.0,P,2025-10-06,4.0,0.66,-262.16,0.16,FILLED,O:XSP251006P00672000
HTML_4402149392338592097,2025-10-06 13:48:00,BUY,XSP,674.0,C,2025-10-06,5.0,0.47,-232.7,0.2,FILLED,O:XSP251006C00674000
HTML_1654202944018336803,2025-10-06 13:53:00,BUY,XSP,673.0,C,2025-10-06,3.0,0.84,-253.62,0.12,FILLED,O:XSP251006C00673000
HTML_2791633359880480971,2025-10-06 13:53:00,BUY,XSP,671.0,P,2025-10-06,6.0,0.39,-231.25,0.25,FILLED,O:XSP251006P00671000
HTML_7679464601561755182,2025-10-06 16:34:00,SELL,XSP,673.0,C,2025-10-06,3.0,1.33,399.0,0.12,FILLED,O:XSP251006C00673000
HTML_8236216583571032902,2025-10-06 16:34:00,SELL,XSP,674.0,C,2025-10-06,5.0,0.58,290.0,0.21,FILLED,O:XSP251006C00674000
HTML_2474854866106787598,2025-10-06 16:35:00,SELL,XSP,671.0,P,2025-10-06,6.0,0.08,48.0,0.08,FILLED,O:XSP251006P00671000
HTML_5984382700664388460,2025-10-06 16:36:00,SELL,XSP,672.0,P,2025-10-06,4.0,0.14,56.0,0.14,FILLED,O:XSP251006P00672000
HTML_8485428064414436131,2025-10-07 13:43:00,BUY,XSP,673.0,P,2025-10-07,5.0,0.38,-187.7,0.2,FILLED,O:XSP251007P00673000
HTML_1081837096445103158,2025-10-07 13:44:00,BUY,XSP,676.0,C,2025-10-07,4.0,0.45,-178.16,0.16,FILLED,O:XSP251007C00676000
HTML_728343179501788434,2025-10-07 13:47:00,BUY,XSP,676.0,C,2025-10-07,9.0,0.45,-400.88,0.38,FILLED,O:XSP251007C00676000
HTML_2700457053226747811,2025-10-07 13:51:00,BUY,XSP,672.0,P,2025-10-07,1.0,0.21,-21.54,0.04,FILLED,O:XSP251007P00672000
HTML_9097420512727519295,2025-10-07 15:10:00,SELL,XSP,672.0,P,2025-10-07,1.0,1.24,124.0,0.04,FILLED,O:XSP251007P00672000
HTML_5541696877491171008,2025-10-07 15:11:00,SELL,XSP,673.0,P,2025-10-07,5.0,1.63,815.0,0.21,FILLED,O:XSP251007P00673000
HTML_2176896783058533026,2025-10-07 16:13:00,SELL,XSP,676.0,C,2025-10-07,13.0,0.02,26.0,0.02,FILLED,O:XSP251007C00676000
HTML_1524529653479443070,2025-10-08 13:37:00,BUY,XSP,674.0,C,2025-10-08,6.0,0.35,-213.25,0.25,FILLED,O:XSP251008C00674000
HTML_4799319328231175703,2025-10-08 13:39:00,BUY,XSP,671.0,P,2025-10-08,3.0,0.73,-220.62,0.12,FILLED,O:XSP251008P00671000
HTML_5818583251700906595,2025-10-08 13:40:00,BUY,XSP,671.0,P,2025-10-08,5.0,0.72,-362.71,0.21,FILLED,O:XSP251008P00671000
HTML_5375930898732558455,2025-10-08 13:45:00,BUY,XSP,674.0,C,2025-10-08,3.0,0.36,-109.62,0.12,FILLED,O:XSP251008C00674000
HTML_2710409698191762985,2025-10-08 13:46:00,BUY,XSP,670.0,P,2025-10-08,1.0,0.47,-46.54,0.04,FILLED,O:XSP251008P00670000
HTML_5967703847414946498,2025-10-08 15:11:00,SELL,XSP,674.0,C,2025-10-08,9.0,1.08,972.0,0.38,FILLED,O:XSP251008C00674000
HTML_8232864980183917108,2025-10-08 15:11:00,SELL,XSP,670.0,P,2025-10-08,1.0,0.09,9.0,0.04,FILLED,O:XSP251008P00670000
HTML_2161566651076829966,2025-10-08 15:12:00,SELL,XSP,671.0,P,2025-10-08,8.0,0.12,96.0,0.12,FILLED,O:XSP251008P00671000
HTML_1187035227640643133,2025-10-09 13:40:00,BUY,XSP,674.0,P,2025-10-09,20.0,0.39,-772.24,0.38,FILLED,O:XSP251009P00674000
HTML_3575754974995160738,2025-10-09 13:41:00,BUY,XSP,677.0,C,2025-10-09,7.0,0.35,-248.8,0.3,FILLED,O:XSP251009C00677000
HTML_8075519261803322614,2025-10-09 13:42:00,SELL,XSP,674.0,P,2025-10-09,20.0,0.54,1080.0,0.54,FILLED,O:XSP251009P00674000
HTML_473692510439481232,2025-10-09 13:42:00,SELL,XSP,677.0,C,2025-10-09,7.0,0.28,196.0,0.28,FILLED,O:XSP251009C00677000
HTML_3829515758579603832,2025-10-10 13:40:00,BUY,XSP,674.0,P,2025-10-10,15.0,0.62,-924.18,0.61,FILLED,O:XSP251010P00674000
HTML_7745587404048128421,2025-10-10 13:45:00,BUY,XSP,678.0,C,2025-10-10,10.0,0.28,-276.12,0.27,FILLED,O:XSP251010C00678000
HTML_3404086763833672149,2025-10-10 14:52:00,BUY,XSP,673.0,P,2025-10-10,1.0,0.26,-25.54,0.04,FILLED,O:XSP251010P00673000
HTML_7961183379302886793,2025-10-10 15:00:00,SELL,XSP,674.0,P,2025-10-10,15.0,4.71,7065.0,1.68,FILLED,O:XSP251010P00674000
HTML_7248639406023892330,2025-10-10 15:00:00,SELL,XSP,673.0,P,2025-10-10,1.0,0.03,2.6,0.0,FILLED,O:XSP251010P00673000
HTML_2392408535207436026,2025-10-10 15:00:00,SELL,XSP,673.0,P,2025-10-10,1.0,4.0,400.0,0.04,FILLED,O:XSP251010P00673000
HTML_1259998473685023918,2025-10-10 15:01:00,SELL,XSP,678.0,C,2025-10-10,10.0,0.01,10.0,0.01,FILLED,O:XSP251010C00678000
HTML_8807693860684471880,2025-10-14 13:44:00,BUY,XSP,654.0,P,2025-10-14,9.0,2.02,-1822.88,0.38,FILLED,O:XSP251014P00654000
HTML_6087365802126825375,2025-10-14 13:45:00,BUY,XSP,657.0,C,2025-10-14,9.0,2.06,-1858.88,0.38,FILLED,O:XSP251014C00657000
HTML_4019344167842391838,2025-10-14 13:46:00,BUY,XSP,658.0,C,2025-10-14,18.0,1.86,-3341.02,1.85,FILLED,O:XSP251014C00658000
HTML_395853335021391959,2025-10-14 13:51:00,BUY,XSP,655.0,P,2025-10-14,1.0,1.8,-180.54,0.04,FILLED,O:XSP251014P00655000
HTML_440866687225402125,2025-10-14 13:51:00,BUY,XSP,657.0,C,2025-10-14,1.0,2.33,-233.54,0.04,FILLED,O:XSP251014C00657000
HTML_1613030702290257005,2025-10-14 13:54:00,SELL,XSP,658.0,C,2025-10-14,18.0,2.41,4338.0,0.76,FILLED,O:XSP251014C00658000
HTML_854938208439880563,2025-10-14 13:54:00,SELL,XSP,657.0,C,2025-10-14,10.0,3.0,3000.0,1.12,FILLED,O:XSP251014C00657000
HTML_550229281400853680,2025-10-14 14:36:00,SELL,XSP,654.0,P,2025-10-14,9.0,0.3,270.0,0.3,FILLED,O:XSP251014P00654000
HTML_5487219451894230747,2025-10-14 14:36:00,SELL,XSP,655.0,P,2025-10-14,1.0,0.37,37.0,0.04,FILLED,O:XSP251014P00655000
HTML_6911094504893443213,2025-10-15 13:41:00,BUY,XSP,671.0,C,2025-10-15,38.0,0.83,-3139.26,0.82,FILLED,O:XSP251015C00671000
HTML_3283360485881257287,2025-10-15 13:44:00,BUY,XSP,668.0,P,2025-10-15,17.0,1.19,-2016.41,1.18,FILLED,O:XSP251015P00668000
HTML_4932403151627443374,2025-10-15 13:45:00,BUY,XSP,671.0,C,2025-10-15,25.0,0.96,-2390.31,0.95,FILLED,O:XSP251015C00671000
HTML_1404595422778966584,2025-10-15 13:50:00,SELL,XSP,668.0,P,2025-10-15,17.0,1.55,2635.0,1.55,FILLED,O:XSP251015P00668000
HTML_198020005715468205,2025-10-15 13:57:00,SELL,XSP,671.0,C,2025-10-15,63.0,1.27,7978.0,1.21,FILLED,O:XSP251015C00671000
HTML_5417347008587120703,2025-10-16 13:42:00,BUY,XSP,668.0,P,2025-10-16,16.0,1.59,-2537.8,1.58,FILLED,O:XSP251016P00668000
HTML_2291895312015244985,2025-10-16 13:44:00,BUY,XSP,671.0,C,2025-10-16,70.0,1.1,-7672.85,1.09,FILLED,O:XSP251016C00671000
HTML_4265543159703743031,2025-10-16 13:44:00,BUY,XSP,671.0,C,2025-10-16,3.0,1.09,-328.62,0.12,FILLED,O:XSP251016C00671000
HTML_8584869464585123798,2025-10-16 14:07:00,SELL,XSP,668.0,P,2025-10-16,16.0,1.74,2784.0,1.72,FILLED,O:XSP251016P00668000
HTML_3802336056238157126,2025-10-16 14:41:00,SELL,XSP,671.0,C,2025-10-16,73.0,1.1,8030.0,1.1,FILLED,O:XSP251016C00671000
HTML_1274137713376865214,2025-10-17 13:41:00,BUY,XSP,660.0,P,2025-10-17,12.0,2.31,-2767.35,1.35,FILLED,O:XSP251017P00660000
HTML_5698818072772129464,2025-10-17 13:42:00,BUY,XSP,660.0,P,2025-10-17,11.0,2.33,-2569.73,1.23,FILLED,O:XSP251017P00660000
HTML_629852050226015569,2025-10-17 13:46:00,BUY,XSP,662.0,C,2025-10-17,20.0,2.53,-5052.24,0.0,FILLED,O:XSP251017C00662000
HTML_7768285749370992118,2025-10-17 13:55:00,SELL,XSP,662.0,C,2025-10-17,20.0,4.25,8500.0,0.0,FILLED,O:XSP251017C00662000
HTML_4534046798663217862,2025-10-17 13:59:00,SELL,XSP,660.0,P,2025-10-17,23.0,1.53,3519.0,1.51,FILLED,O:XSP251017P00660000
HTML_8954635473551350891,2025-10-20 13:38:00,BUY,XSP,670.0,P,2025-10-20,80.0,1.05,-8437.96,1.05,FILLED,O:XSP251020P00670000
HTML_5850495361374374009,2025-10-20 13:41:00,BUY,XSP,672.0,C,2025-10-20,40.0,0.82,-3264.48,0.81,FILLED,O:XSP251020C00672000
HTML_3724870017923541939,2025-10-20 13:45:00,BUY,XSP,670.0,P,2025-10-20,3.0,0.98,-295.62,0.12,FILLED,O:XSP251020P00670000
HTML_7299376043121086455,2025-10-20 14:49:00,SELL,XSP,672.0,C,2025-10-20,40.0,1.95,7800.0,1.95,FILLED,O:XSP251020C00672000
HTML_6374992722733188969,2025-10-20 17:19:00,SELL,XSP,670.0,P,2025-10-20,83.0,0.06,498.0,0.06,FILLED,O:XSP251020P00670000
HTML_2833864214220266162,2025-10-21 13:42:00,BUY,XSP,672.0,P,2025-10-21,34.0,0.91,-3081.74,0.9,FILLED,O:XSP251021P00672000
HTML_2555536774411899585,2025-10-21 13:44:00,BUY,XSP,675.0,C,2025-10-21,70.0,0.52,-3612.85,0.51,FILLED,O:XSP251021C00675000
HTML_2482392809093105167,2025-10-21 13:44:00,BUY,XSP,675.0,C,2025-10-21,20.0,0.54,-1071.89,0.53,FILLED,O:XSP251021C00675000
HTML_2608324353866033168,2025-10-21 13:50:00,BUY,XSP,675.0,C,2025-10-21,2.0,0.45,-89.08,0.08,FILLED,O:XSP251021C00675000
HTML_6724438962334056993,2025-10-21 13:51:00,BUY,XSP,672.0,P,2025-10-21,1.0,0.92,-91.54,0.04,FILLED,O:XSP251021P00672000
HTML_7499398244017780443,2025-10-21 17:07:00,BUY,XSP,675.0,C,2025-10-21,3.0,0.21,-64.62,0.12,FILLED,O:XSP251021C00675000
HTML_1191825785154518316,2025-10-21 17:07:00,BUY,XSP,672.0,P,2025-10-21,1.0,0.3,-30.54,0.04,FILLED,O:XSP251021P00672000
HTML_7133561955105027521,2025-10-22 14:50:00,BUY,XSP,674.0,C,2025-10-22,5.0,0.27,-132.71,0.21,FILLED,O:XSP251022C00674000
HTML_4610217521320599994,2025-10-22 14:51:00,BUY,XSP,674.0,C,2025-10-22,1.0,0.27,-26.54,0.04,FILLED,O:XSP251022C00674000
HTML_3319794106370846340,2025-10-22 16:00:00,SELL,XSP,674.0,C,2025-10-22,6.0,0.12,72.0,0.12,FILLED,O:XSP251022C00674000
HTML_720495438532589646,2025-10-23 13:41:00,BUY,XSP,666.0,P,2025-10-23,2.0,0.34,-69.08,0.08,FILLED,O:XSP251023P00666000
HTML_401656041519168155,2025-11-06 17:32:00,BUY,XSP,675.0,C,2025-11-06,2.0,0.41,-83.08,0.08,FILLED,O:XSP251106C00675000
HTML_4720941111081782780,2025-11-06 17:39:00,SELL,XSP,675.0,C,2025-11-06,0.0,0.46,0.0,0.0,CANCELED,O:XSP251106C00675000
HTML_8802946713553110273,2025-11-06 17:41:00,SELL,XSP,675.0,C,2025-11-06,1.0,0.41,41.0,0.04,FILLED,O:XSP251106C00675000
HTML_7936832570952708633,2025-11-07 14:41:00,BUY,XSP,672.5,C,2025-11-07,1.0,0.54,-53.54,0.04,FILLED,O:XSP251107C00672500
HTML_3344994723420384325,2025-11-07 14:46:00,BUY,XSP,662.0,P,2025-11-07,1.0,0.55,-54.54,0.04,FILLED,O:XSP251107P00662000
HTML_8322978130772056315,2025-11-07 17:17:00,SELL,XSP,662.0,P,2025-11-07,1.0,0.55,55.0,0.04,FILLED,O:XSP251107P00662000
HTML_8307599843456077964,2025-11-07 17:28:00,SELL,XSP,672.5,C,2025-11-07,1.0,0.05,5.0,0.04,FILLED,O:XSP251107C00672500
HTML_6690663128189950536,2025-11-10 14:42:00,BUY,XSP,678.0,P,2025-11-10,1.0,0.6,-60.54,0.04,FILLED,O:XSP251110P00678000
HTML_4604503722764193522,2025-11-10 14:50:00,SELL,XSP,678.0,P,2025-11-10,1.0,0.66,66.0,0.04,FILLED,O:XSP251110P00678000
HTML_6685493094929252698,2025-11-24 15:32:00,BUY,XSP,664.0,P,2025-11-24,1.0,0.88,-87.54,0.04,FILLED,O:XSP251124P00664000
HTML_8268572189698100668,2025-11-24 17:37:00,SELL,XSP,664.0,P,2025-11-24,1.0,0.17,17.0,0.04,FILLED,O:XSP251124P00664000
HTML_622047732290844447,2025-12-09 14:54:00,BUY,XSP,686.0,C,2025-12-09,2.0,0.81,-163.04,0.04,FILLED,O:XSP251209C00686000
HTML_1865753658326887859,2025-12-09 14:56:00,SELL,XSP,686.0,C,2025-12-09,2.0,0.87,174.0,0.04,FILLED,O:XSP251209C00686000
1765483971-9,2025-12-09 14:56:00,SELL,XSP,686.0,C,2025-12-09,2.0,0.87,174.0,0.04,FILLED,O:XSP251209C00686000
1765483971-8,2025-12-10 14:47:00,BUY,XSP,686.0,C,2025-12-10,0.0,0.0,0.0,0.0,CANCELED,O:XSP251210C00686000
1765483971-7,2025-12-10 14:47:00,BUY,XSP,686.0,C,2025-12-10,1.0,1.33,-133.0,0.02,FILLED,O:XSP251210C00686000
1765629531-10,2025-12-10 14:47:00,BUY,XSP,686.0,C,2025-12-10,1.0,1.33,-133.0,0.02,FILLED,O:XSP251210C00686000
1765483971-6,2025-12-10 14:49:00,BUY,XSP,677.0,P,2025-12-10,0.0,0.0,0.0,0.0,CANCELED,O:XSP251210P00677000
1765483971-5,2025-12-10 14:49:00,BUY,XSP,677.0,P,2025-12-10,1.0,0.39,-39.0,0.02,FILLED,O:XSP251210P00677000
1765629531-8,2025-12-10 14:49:00,BUY,XSP,677.0,P,2025-12-10,1.0,0.39,-39.0,0.02,FILLED,O:XSP251210P00677000
1765629531-9,2025-12-10 14:49:00,BUY,XSP,677.0,P,2025-12-10,0.0,0.0,0.0,0.0,CANCELED,O:XSP251210P00677000
1765483971-4,2025-12-10 16:27:00,SELL,XSP,686.0,C,2025-12-10,1.0,1.5,150.0,0.02,FILLED,O:XSP251210C00686000
1765483971-3,2025-12-10 16:27:00,SELL,XSP,677.0,P,2025-12-10,1.0,0.31,31.0,0.02,FILLED,O:XSP251210P00677000
1765629531-6,2025-12-10 16:27:00,SELL,XSP,677.0,P,2025-12-10,1.0,0.31,31.0,0.02,FILLED,O:XSP251210P00677000
1765629531-7,2025-12-10 16:27:00,SELL,XSP,686.0,C,2025-12-10,1.0,1.5,150.0,0.02,FILLED,O:XSP251210C00686000
1765991491-9,2025-12-10 16:27:00,SELL,XSP,677.0,P,2025-12-10,1.0,0.31,31.0,0.02,FILLED,O:XSP251210P00677000
1765991491-10,2025-12-10 16:27:00,SELL,XSP,686.0,C,2025-12-10,1.0,1.5,150.0,0.02,FILLED,O:XSP251210C00686000
1765483971-2,2025-12-11 15:01:00,BUY,XSP,686.0,C,2025-12-11,2.0,0.67,-134.0,0.04,FILLED,O:XSP251211C00686000
1765629531-5,2025-12-11 15:01:00,BUY,XSP,686.0,C,2025-12-11,2.0,0.67,-134.0,0.04,FILLED,O:XSP251211C00686000
1765991491-8,2025-12-11 15:01:00,BUY,XSP,686.0,C,2025-12-11,2.0,0.67,-134.0,0.04,FILLED,O:XSP251211C00686000
1765483971-1,2025-12-11 15:06:00,SELL,XSP,686.0,C,2025-12-11,2.0,0.89,178.0,0.04,FILLED,O:XSP251211C00686000
1765629531-4,2025-12-11 15:06:00,SELL,XSP,686.0,C,2025-12-11,2.0,0.89,178.0,0.04,FILLED,O:XSP251211C00686000
1765991491-7,2025-12-11 15:06:00,SELL,XSP,686.0,C,2025-12-11,2.0,0.89,178.0,0.04,FILLED,O:XSP251211C00686000
1765629531-3,2025-12-12 14:52:00,BUY,XSP,690.0,C,2025-12-12,2.0,0.75,-150.0,0.04,FILLED,O:XSP251212C00690000
1765991491-6,2025-12-12 14:52:00,BUY,XSP,690.0,C,2025-12-12,2.0,0.75,-150.0,0.04,FILLED,O:XSP251212C00690000
1765629531-2,2025-12-12 15:03:00,BUY,XSP,691.0,C,2025-12-12,1.0,0.26,-26.0,0.02,FILLED,O:XSP251212C00691000
1765991491-5,2025-12-12 15:03:00,BUY,XSP,691.0,C,2025-12-12,1.0,0.26,-26.0,0.02,FILLED,O:XSP251212C00691000
1765629531-1,2025-12-12 16:44:00,BUY,XSP,689.0,C,2025-12-12,1.0,0.1,-10.0,0.02,FILLED,O:XSP251212C00689000
1765991491-4,2025-12-12 16:44:00,BUY,XSP,689.0,C,2025-12-12,1.0,0.1,-10.0,0.02,FILLED,O:XSP251212C00689000
1765991491-2,2025-12-17 16:20:00,BUY,XSP,678.0,C,2025-12-17,1.0,0.57,-57.0,0.02,FILLED,O:XSP251217C00678000
1765991491-1,2025-12-17 16:25:00,SELL,XSP,678.0,C,2025-12-17,1.0,0.65,65.0,0.02,FILLED,O:XSP251217C00678000
